customer_id,age,income,previous_purchases,discount,sales,gender_Male
-1.7303196219213355,1.1128817500082018,-0.6215095335933308,-0.9251695170119489,-0.5824898106341612,-0.6243483766516517,True
-1.7268555185741457,0.37165239739850314,1.8379315331041588,1.4741290229567983,-0.5824898106341612,0.06398826472870235,False
-1.7233914152269558,-0.666068696255075,-1.5227835901353384,0.5144096069692994,-0.07376508518947889,0.15989629379266257,False
-1.719927311879766,1.4093734910520812,-2.280689319871656,0.9942693149630488,-0.5824898106341612,0.041033228264213926,False
-1.7164632085325762,-1.184929243081864,0.38313408662878035,2.433848438944297,-1.5999392615235257,-0.3388254573399291,True
-1.7129991051853863,-0.2213310846892558,-0.5678606499583428,0.03454989897554999,-0.5824898106341612,-0.7765434129367552,True
-1.7095350018381965,1.1128817500082018,-1.091958517574844,0.5144096069692994,-0.07376508518947889,0.11933191428692241,True
-1.7060708984910065,-0.36957695521119555,0.6540186183351687,-1.4050292250056984,0.9436843656998856,-0.13443129703968676,True
-1.7026067951438166,-0.07308521416731607,0.18506096537218503,0.03454989897554999,-0.5824898106341612,0.03914651293836546,True
-1.6991426917966268,-0.9625604372989545,-0.6304729983206748,-0.9251695170119489,0.43495964025520334,0.03568753484097722,True
-1.695678588449437,-0.9625604372989545,-1.353485216333285,-0.44530980901819944,1.452409091144568,0.1359978996652499,True
-1.6922144851022471,0.001037721093653793,0.8196741334714731,2.433848438944297,0.43495964025520334,1.5686437370927944,True
-1.6887503817550573,0.8905129442252921,0.5953122651134257,-0.9251695170119489,0.43495964025520334,0.23096257106628498,False
-1.6852862784078675,1.1870046852691716,-0.16116539403565328,-1.4050292250056984,0.9436843656998856,0.18348023536576744,False
-1.6818221750606774,0.001037721093653793,1.8030837842456413,0.5144096069692994,-1.0912145360788434,0.5441573151571181,True
-1.6783580717134876,-1.5555439193867133,-1.1412733886830586,-0.44530980901819944,1.452409091144568,0.3444799431714969,True
-1.6748939683662978,-0.14720814942828594,-1.6010293408263887,-0.44530980901819944,0.43495964025520334,0.18631030835454013,False
-1.671429865019108,-1.6296668546476831,-0.7595135104221717,1.4741290229567983,0.43495964025520334,0.64289541720985,True
-1.6679657616719181,0.001037721093653793,-0.1070676305318211,0.03454989897554999,-1.0912145360788434,-0.6938423911537343,True
-1.6645016583247283,1.483496426313051,0.18459526092054998,-0.44530980901819944,0.9436843656998856,0.8183599425137508,True
-1.6610375549775385,0.445775332659473,-0.30457140790679377,0.9942693149630488,1.452409091144568,0.6296884099289117,False
-1.6575734516303484,1.038758814747232,0.29434134147816615,-0.44530980901819944,0.43495964025520334,0.4567395050594759,False
-1.6541093482831586,-1.6296668546476831,-1.3244473324039032,-1.4050292250056984,-0.07376508518947889,-0.6686861868090886,False
-1.6506452449359688,-0.2213310846892558,1.396394585172756,-1.4050292250056984,0.9436843656998856,0.6623914755769502,False
-1.647181141588779,0.6681441384423826,-0.1439794192070487,-0.9251695170119489,1.452409091144568,1.2482165842528752,False
-1.643717038241589,-0.8884375020379846,1.066832638527024,-0.9251695170119489,0.43495964025520334,0.40265366571848876,True
-1.6402529348943993,-0.14720814942828594,0.284922940032173,1.4741290229567983,0.43495964025520334,1.0054592123270492,False
-1.6367888315472092,1.483496426313051,0.40003135161670383,0.5144096069692994,-1.0912145360788434,-0.09135129709948171,True
-1.6333247282000194,0.07516065635462366,0.5141161555842743,-2.3647486409931973,1.452409091144568,-0.18537261083759257,True
-1.6298606248528296,0.2234065268765634,0.39090098702808007,1.4741290229567983,-0.07376508518947889,0.8318814023489978,False
-1.6263965215056397,1.3352505557911114,0.587762738323776,0.03454989897554999,0.9436843656998856,1.1450761464398298,False
-1.62293241815845,0.29752946213753323,1.280696640207254,-0.44530980901819944,-0.5824898106341612,-0.24448969104750953,True
-1.61946831481126,-0.5919457609941051,0.1373336618960602,0.03454989897554999,-1.5999392615235257,-0.762078595438584,True
-1.6160042114640703,-0.666068696255075,0.6546720851307427,0.9942693149630488,-0.07376508518947889,1.3985249052121305,True
-1.6125401081168802,1.7058652320959606,-0.15163595034324479,0.5144096069692994,-0.5824898106341612,-0.5746648730709778,False
-1.6090760047696904,1.483496426313051,1.392712693474933,-0.9251695170119489,-0.07376508518947889,-0.3209016617443687,False
-1.6056119014225005,-1.5555439193867133,-0.7438504968277422,-0.44530980901819944,1.452409091144568,0.8133287016448217,False
-1.6021477980753107,0.9646358794862621,1.756954816134592,-1.4050292250056984,-0.5824898106341612,-0.9227638506900057,False
-1.5986836947281209,-1.259052178342834,-0.10158820040868627,-0.44530980901819944,1.452409091144568,0.8400571687610071,False
-1.595219591380931,-0.2213310846892558,-1.505381587663707,-1.8848889329994478,-0.5824898106341612,-1.5469521709915146,True
-1.5917554880337412,-1.110806307820894,0.06826874954200424,1.9539887309505477,-0.07376508518947889,1.184382715728338,False
-1.5882913846865512,1.1128817500082018,-0.7485539771925899,-0.9251695170119489,-1.0912145360788434,-1.4262023901372176,True
-1.5848272813393613,-0.4436998904721654,0.7875586968580953,-1.8848889329994478,-0.07376508518947889,-0.8158499822252634,True
-1.5813631779921715,-1.4814209841257435,-0.719857295802195,0.03454989897554999,1.452409091144568,0.9007465117424639,True
-1.5778990746449817,0.07516065635462366,-0.5114606105454903,-0.44530980901819944,-0.07376508518947889,0.030656293972047388,False
-1.5744349712977919,-0.7401916315160448,-1.9684937075820397,0.5144096069692994,-0.5824898106341612,-0.11839421676997484,False
-1.570970867950602,-1.110806307820894,-0.5176412892793234,0.03454989897554999,-1.5999392615235257,-1.0196152374168896,False
-1.5675067646034122,0.1492835916155935,-2.416491295304906,1.4741290229567983,-0.5824898106341612,-0.6042234131759359,True
-1.5640426612562222,-1.6296668546476831,-1.659959797490898,0.03454989897554999,0.43495964025520334,-0.11713640655274284,True
-1.5605785579090323,-0.2954540199502257,0.7065698661889196,0.9942693149630488,-0.07376508518947889,0.691006658018984,True
-1.5571144545618425,0.29752946213753323,0.7321957247284346,-0.44530980901819944,0.9436843656998856,0.3699506000704502,True
-1.5536503512146527,1.7058652320959606,0.36843882303644737,-1.8848889329994478,-0.07376508518947889,-0.935341952862328,True
-1.5501862478674628,-1.259052178342834,-1.0371877707594013,0.03454989897554999,-1.0912145360788434,-1.0614374271398623,True
-1.546722144520273,1.483496426313051,-0.10921310132923608,-0.44530980901819944,1.452409091144568,1.202935416432514,False
-1.5432580411730832,-1.184929243081864,-0.06468650648313244,-0.9251695170119489,0.9436843656998856,0.07122067347778842,False
-1.5397939378258931,1.7058652320959606,-1.230389838806558,-1.4050292250056984,-0.5824898106341612,-1.109234215394688,False
-1.5363298344787033,0.8163900089643223,1.45659294239634,3.393567854931796,-1.0912145360788434,0.9740139568962426,False
-1.5328657311315135,-0.7401916315160448,0.8246252716949936,0.03454989897554999,-0.07376508518947889,-0.10455830438042005,True
-1.5294016277843236,-0.5178228257331352,-0.2841073313673332,2.433848438944297,-0.5824898106341612,0.639121986558154,True
-1.5259375244371338,0.8905129442252921,-0.03390896069323668,0.5144096069692994,-0.5824898106341612,-0.17436677143681045,False
-1.522473421089944,1.1870046852691716,0.14930738097623902,-1.8848889329994478,0.43495964025520334,-1.3780911493280836,True
-1.5190093177427542,-1.4814209841257435,-2.1221297407729756,0.5144096069692994,0.43495964025520334,0.25328870242215784,False
-1.515545214395564,-1.6296668546476831,-0.31056903517986917,-1.4050292250056984,-1.5999392615235257,-1.508903411920239,False
-1.5120811110483743,-1.3331751136038037,-0.7494954808455337,-0.44530980901819944,0.43495964025520334,0.13128111135062875,False
-1.5086170077011845,1.3352505557911114,-1.072160021530567,0.03454989897554999,1.452409091144568,0.8224478257197554,True
-1.5051529043539946,-1.4814209841257435,-0.34481311800787173,1.4741290229567983,0.9436843656998856,1.079355562589445,False
-1.5016888010068048,0.37165239739850314,1.75366998459062,-0.44530980901819944,-0.5824898106341612,-0.8450940697759136,False
-1.498224697659615,-0.4436998904721654,0.5858649253850338,-1.4050292250056984,0.43495964025520334,-0.7812602012513764,False
-1.4947605943124251,0.1492835916155935,-0.6376402705893296,-1.8848889329994478,-1.5999392615235257,-2.4154701259903906,True
-1.491296490965235,1.483496426313051,0.5169581641092063,1.4741290229567983,-0.07376508518947889,1.4978919123734797,True
-1.4878323876180453,0.7422670737033524,1.3515644748531157,1.4741290229567983,0.9436843656998856,0.9620647598325363,False
-1.4843682842708554,-1.0366833725599243,0.8723451723546907,-0.44530980901819944,0.43495964025520334,0.525604614452942,True
-1.4809041809236656,0.8905129442252921,-0.0008540393768502781,-1.8848889329994478,-0.5824898106341612,-1.6526082292390245,True
-1.4774400775764758,-0.7401916315160448,-0.7141160751708436,1.9539887309505477,-0.07376508518947889,0.6938367310077567,True
-1.473975974229286,0.5198982679204428,0.6437892719986849,-0.44530980901819944,1.452409091144568,0.7432057820341236,True
-1.470511870882096,-0.666068696255075,0.3361638893782177,-1.4050292250056984,-0.5824898106341612,-1.539090857133813,True
-1.467047767534906,-1.184929243081864,0.8426255563306471,-0.44530980901819944,-0.07376508518947889,-0.05518925335405405,True
-1.4635836641877162,-0.7401916315160448,0.5801405293364726,-0.9251695170119489,1.452409091144568,0.8542075337048697,True
-1.4601195608405264,-0.07308521416731607,0.9984474393176942,1.4741290229567983,1.452409091144568,2.3374802323760133,True
-1.4566554574933366,1.1870046852691716,-0.6013563753438346,1.9539887309505477,0.9436843656998856,1.0818711830239092,True
-1.4531913541461468,-0.2213310846892558,1.2688265605570637,-0.44530980901819944,-0.5824898106341612,-0.11336297590104591,True
-1.449727250798957,-0.5919457609941051,0.1384218759109347,-0.44530980901819944,0.43495964025520334,0.4142884102278873,False
-1.4462631474517669,1.557619361574021,2.0338739891961946,0.03454989897554999,0.43495964025520334,0.9617503072782284,False
-1.442799044104577,-0.4436998904721654,-0.7567677385107996,2.913708146938047,-1.5999392615235257,-0.019027209608626392,True
-1.4393349407573872,1.7058652320959606,1.691362497668448,1.4741290229567983,-0.07376508518947889,1.206708847084211,False
-1.4358708374101974,0.001037721093653793,0.1387361591174573,0.5144096069692994,-1.5999392615235257,-0.9856543615516187,False
-1.4324067340630076,0.1492835916155935,-0.7186398689914909,-1.4050292250056984,-1.0912145360788434,-1.4441261857327774,True
-1.4289426307158177,0.07516065635462366,-0.5495205087503262,1.4741290229567983,0.43495964025520334,0.8642700154427285,True
-1.425478527368628,1.557619361574021,-0.3844323185457097,0.9942693149630488,-0.07376508518947889,0.4073704540331099,True
-1.4220144240214379,1.2611276205301414,0.3671352543618571,0.5144096069692994,0.9436843656998856,0.5369249064080328,False
-1.418550320674248,0.37165239739850314,0.46673947641349856,0.03454989897554999,-1.5999392615235257,-1.0142695439936524,False
-1.4150862173270582,-0.666068696255075,-0.6401854934738416,-0.9251695170119489,0.9436843656998856,-0.1422926108973884,True
-1.4116221139798684,1.557619361574021,-0.08563513100695262,0.03454989897554999,0.9436843656998856,0.8872250519072169,True
-1.4081580106326785,-1.7037897899086532,2.1015189067627515,-0.9251695170119489,0.9436843656998856,0.9818752707539442,True
-1.4046939072854887,0.07516065635462366,1.6828620454594916,-0.9251695170119489,-1.5999392615235257,-1.5208526089839454,False
-1.4012298039382989,-1.259052178342834,0.37940845101570303,0.9942693149630488,-1.0912145360788434,-0.2246791801261007,False
-1.3977657005911088,-1.110806307820894,-0.02268629098881523,-0.44530980901819944,1.452409091144568,0.9372230080421994,False
-1.394301597243919,0.001037721093653793,0.06011892163839783,-0.44530980901819944,1.452409091144568,1.0174084093907563,False
-1.3908374938967292,-1.7037897899086532,0.5582813583920427,0.5144096069692994,-1.5999392615235257,-0.5888152380148404,True
-1.3873733905495393,1.483496426313051,-1.0935332985240136,0.5144096069692994,1.452409091144568,1.3425523505452948,True
-1.3839092872023495,-1.184929243081864,-0.32086500686420233,-0.9251695170119489,-0.5824898106341612,-1.1306169890876367,True
-1.3804451838551597,0.001037721093653793,-1.745443483698322,-0.44530980901819944,1.452409091144568,0.9825041758625607,True
-1.3769810805079699,-0.9625604372989545,0.3419562567412516,0.5144096069692994,0.43495964025520334,0.9208714752181797,False
-1.3735169771607798,-0.5178228257331352,0.5922784563446847,0.5144096069692994,-1.5999392615235257,-0.38725115070337085,False
-1.37005287381359,-1.184929243081864,-0.5488145492564467,0.5144096069692994,1.452409091144568,1.3714819855416374,True
-1.3665887704664001,0.8163900089643223,1.5278504343796238,0.5144096069692994,-1.5999392615235257,-0.48315917976733014,True
-1.3631246671192103,0.8163900089643223,-1.298429124593719,-0.9251695170119489,-1.0912145360788434,-1.6695886671716602,False
-1.3596605637720205,0.6681441384423826,-1.5392992735855784,0.03454989897554999,-0.5824898106341612,-0.9321974273192475,True
-1.3561964604248307,-1.4072980488647737,0.16552897071930522,-1.4050292250056984,-1.5999392615235257,-1.6283953825573037,False
-1.3527323570776408,1.3352505557911114,0.9959695147643438,0.03454989897554999,0.43495964025520334,0.6689949792174198,True
-1.3492682537304508,1.1128817500082018,1.6388334582639799,-0.9251695170119489,1.452409091144568,0.9774729349936317,True
-1.345804150383261,1.2611276205301414,-0.5242816156149873,-0.9251695170119489,0.43495964025520334,-0.5941609314380771,True
-1.3423400470360711,0.29752946213753323,1.0278514261685932,0.03454989897554999,1.452409091144568,1.8683170213483795,True
-1.3388759436888813,-1.259052178342834,-0.09992323969576086,2.913708146938047,-1.5999392615235257,0.30234330089421607,True
-1.3354118403416915,-1.110806307820894,-0.23531267635899408,0.9942693149630488,0.9436843656998856,0.8086119133302007,True
-1.3319477369945016,-1.184929243081864,0.8309829450397807,0.9942693149630488,1.452409091144568,1.8620279702622187,True
-1.3284836336473116,-0.8884375020379846,0.5974536980109711,-0.44530980901819944,0.9436843656998856,0.5708857822733033,False
-1.3250195303001218,0.7422670737033524,-1.652377967502291,-1.8848889329994478,-0.5824898106341612,-1.9013401996967039,False
-1.321555426952932,0.6681441384423826,1.4294811367047882,-0.44530980901819944,0.43495964025520334,0.6167958552022811,False
-1.318091323605742,-0.07308521416731607,1.3321179490808102,0.03454989897554999,0.9436843656998856,0.9947678254805756,False
-1.3146272202585523,0.001037721093653793,-0.6925395572172904,-0.44530980901819944,0.43495964025520334,-0.15644297584125097,False
-1.3111631169113624,0.9646358794862621,0.3385038523526886,-0.44530980901819944,1.452409091144568,1.395065927114742,True
-1.3076990135641726,0.8163900089643223,0.43766121348542003,0.9942693149630488,1.452409091144568,1.1975897230092774,True
-1.3042349102169826,1.483496426313051,0.2020941729890537,0.5144096069692994,-0.5824898106341612,-0.1504683773093978,False
-1.3007708068697927,1.1870046852691716,-0.6165691631027963,1.4741290229567983,1.452409091144568,2.041894831326432,True
-1.297306703522603,-0.14720814942828594,-0.7390366471997905,-0.44530980901819944,-0.5824898106341612,-0.6601959678427716,False
-1.293842600175413,0.2234065268765634,-0.08684582798454027,-0.9251695170119489,0.9436843656998856,0.5435284100485016,False
-1.2903784968282233,0.8163900089643223,1.1227912008874599,-2.3647486409931973,1.452409091144568,0.7793678257795503,True
-1.2869143934810334,-1.7037897899086532,0.4877008876202395,-0.44530980901819944,-1.5999392615235257,-0.822453485865733,True
-1.2834502901338436,0.8163900089643223,-0.43517526024116227,-1.8848889329994478,-0.07376508518947889,-1.5111045798003953,True
-1.2799861867866535,0.9646358794862621,0.7179607817212438,-0.44530980901819944,-1.0912145360788434,-1.4164543609536675,False
-1.2765220834394637,1.7058652320959606,-2.416491295304906,-0.9251695170119489,-0.07376508518947889,-1.0048359673644107,True
-1.2730579800922739,-0.7401916315160448,1.0986008157516107,0.03454989897554999,-0.07376508518947889,-0.2092710049650061,False
-1.269593876745084,-1.5555439193867133,-1.8172474381306336,0.5144096069692994,0.43495964025520334,-0.4256143623289547,False
-1.2661297733978942,-1.7037897899086532,-0.42692448484081424,0.5144096069692994,-0.5824898106341612,-0.1819136327402043,False
-1.2626656700507044,-1.4072980488647737,-1.1913285414340453,-0.44530980901819944,0.43495964025520334,0.0014122064213980161,True
-1.2592015667035146,0.1492835916155935,-1.3679981014481715,-0.44530980901819944,0.9436843656998856,0.7130183368205492,True
-1.2557374633563245,-0.7401916315160448,1.1107757568419605,0.03454989897554999,-1.0912145360788434,-0.32498954495037424,False
-1.2522733600091347,1.1128817500082018,-0.533182492894351,-1.8848889329994478,0.9436843656998856,0.21901337400257864,True
-1.2488092566619449,0.2234065268765634,0.2887374094423829,1.9539887309505477,-1.5999392615235257,-0.033806479661105414,True
-1.245345153314755,-1.110806307820894,-0.10841494312166566,0.9942693149630488,-1.0912145360788434,-0.7054771356631329,True
-1.2418810499675652,-0.666068696255075,0.4205109067723312,0.03454989897554999,0.43495964025520334,0.7098738112774686,False
-1.2384169466203754,-0.666068696255075,0.016500181279656995,-0.44530980901819944,1.452409091144568,1.3111070951144883,False
-1.2349528432731856,0.1492835916155935,-1.3561980120623882,0.03454989897554999,1.452409091144568,0.9453987744542087,True
-1.2314887399259955,1.3352505557911114,0.9446565562039568,-0.44530980901819944,0.43495964025520334,0.7784244681166261,False
-1.2280246365788057,-0.8143145667770147,-0.5594846996620352,-1.8848889329994478,0.9436843656998856,-0.42970224553495945,True
-1.2245605332316158,0.5940212031814127,-1.6323802683977766,-0.9251695170119489,0.43495964025520334,-0.359893778478569,True
-1.221096429884426,1.1128817500082018,-0.4932214168342152,0.9942693149630488,0.43495964025520334,0.6862898697043638,True
-1.2176323265372362,0.5940212031814127,1.4539299474322955,0.5144096069692994,-0.07376508518947889,1.2994723506050907,True
-1.2141682231900464,-1.4814209841257435,0.797228121079319,2.433848438944297,-1.5999392615235257,0.4894425707075144,False
-1.2107041198428565,0.445775332659473,-0.4130051710067684,-0.44530980901819944,1.452409091144568,0.44007351968114844,False
-1.2072400164956665,0.9646358794862621,-0.41361691283702284,0.03454989897554999,-0.07376508518947889,0.4460481182130016,False
-1.2037759131484767,-0.07308521416731607,-0.38573252230374167,0.5144096069692994,0.43495964025520334,0.2841050527443479,True
-1.2003118098012868,1.1128817500082018,2.035375414964398,0.5144096069692994,-0.5824898106341612,0.29825541768821134,True
-1.196847706454097,1.557619361574021,0.3245044535045609,1.4741290229567983,-0.07376508518947889,0.9378519131508158,True
-1.1933836031069072,-0.666068696255075,0.37306625628708323,-0.44530980901819944,0.43495964025520334,0.36177483365843993,False
-1.1899194997597173,1.4093734910520812,0.9789955296788967,-0.9251695170119489,1.452409091144568,1.01677950428214,True
-1.1864553964125275,0.37165239739850314,0.18000214981880644,-0.9251695170119489,0.43495964025520334,-0.46429202650884643,False
-1.1829912930653375,0.8905129442252921,-0.32254611917660575,1.9539887309505477,-1.5999392615235257,-0.13506020214830233,False
-1.1795271897181476,-0.8143145667770147,-0.2592601145193517,0.9942693149630488,0.9436843656998856,1.534682861227523,False
-1.1760630863709578,0.5940212031814127,-0.13332945830080817,-1.4050292250056984,-1.0912145360788434,-1.2749507115150382,False
-1.172598983023768,-1.259052178342834,-0.09862438190435235,-1.4050292250056984,-0.07376508518947889,-1.2271539232602124,False
-1.1691348796765781,-0.14720814942828594,0.673473892890525,-0.44530980901819944,-0.07376508518947889,-0.34039772011146885,False
-1.1656707763293883,0.29752946213753323,-0.008611518009787485,0.5144096069692994,-0.07376508518947889,-0.11902312187859129,True
-1.1622066729821983,-1.6296668546476831,0.6785320354605913,1.9539887309505477,0.43495964025520334,1.6246162917596292,True
-1.1587425696350084,1.3352505557911114,-0.14253115912046252,2.913708146938047,-1.5999392615235257,-0.23096823121226254,False
-1.1552784662878186,1.557619361574021,0.01833069588723811,-0.44530980901819944,0.43495964025520334,-0.24731976403628134,False
-1.1518143629406288,-1.3331751136038037,-2.0781832575414803,0.9942693149630488,0.43495964025520334,0.16146855656420325,True
-1.148350259593439,0.29752946213753323,0.8639604732753318,0.9942693149630488,0.9436843656998856,0.8859672416899849,False
-1.1448861562462491,0.29752946213753323,0.28872193082621617,-0.9251695170119489,-0.5824898106341612,-0.8774826828696444,False
-1.1414220528990593,1.483496426313051,0.9464164075638192,0.9942693149630488,-1.5999392615235257,-1.157345456203822,True
-1.1379579495518692,1.483496426313051,-2.416491295304906,0.03454989897554999,-0.07376508518947889,-0.4520283768908323,False
-1.1344938462046794,-0.2954540199502257,2.04711224391889,-1.4050292250056984,-1.0912145360788434,-1.2274683758145206,False
-1.1310297428574896,0.445775332659473,-0.20196164238549835,1.9539887309505477,-0.07376508518947889,0.7227663660040992,False
-1.1275656395102998,-0.9625604372989545,1.0576329566573046,0.5144096069692994,0.43495964025520334,0.7067292857343873,True
-1.12410153616311,0.29752946213753323,-1.110808780133062,-0.9251695170119489,-1.5999392615235257,-2.0007072068580527,True
-1.12063743281592,0.07516065635462366,0.5575303090162853,0.5144096069692994,1.452409091144568,1.707317313542651,True
-1.1171733294687303,1.1128817500082018,-1.1244461139595432,-0.9251695170119489,-1.5999392615235257,-1.5708505651189277,False
-1.1137092261215402,0.6681441384423826,-0.6907285591257456,-1.4050292250056984,-1.5999392615235257,-1.8164380100335267,False
-1.1102451227743504,-1.7037897899086532,1.8711170131829977,1.4741290229567983,-0.5824898106341612,1.4604720584108193,True
-1.1067810194271606,0.2234065268765634,-0.2535390833873484,-0.44530980901819944,-0.07376508518947889,-0.13851918024569146,False
-1.1033169160799707,-0.8143145667770147,0.1584431294313553,0.03454989897554999,-0.5824898106341612,-0.3520324646208674,False
-1.099852812732781,1.2611276205301414,0.8172621612826598,-0.44530980901819944,1.452409091144568,0.9350218401620431,False
-1.096388709385591,-1.5555439193867133,0.43932886613159194,-0.9251695170119489,1.452409091144568,0.6054755632471903,False
-1.0929246060384012,1.1128817500082018,0.09079417396492849,-0.44530980901819944,0.9436843656998856,0.6853465120414395,False
-1.0894605026912112,-1.3331751136038037,0.3073696254076389,-0.9251695170119489,-1.0912145360788434,-1.571793922781852,True
-1.0859963993440214,-1.184929243081864,2.36513791063699,2.913708146938047,0.9436843656998856,2.880225341111733,False
-1.0825322959968315,0.2234065268765634,-0.11921430632308387,0.5144096069692994,0.43495964025520334,0.5708857822733033,True
-1.0790681926496417,-1.110806307820894,0.14195503829689127,0.03454989897554999,-0.5824898106341612,-0.628750712411965,False
-1.0756040893024519,0.9646358794862621,0.9995598807317877,0.03454989897554999,-0.5824898106341612,-0.5300126103592321,True
-1.072139985955262,0.6681441384423826,1.0549511181605353,0.03454989897554999,0.9436843656998856,1.7865593572282827,False
-1.0686758826080722,1.3352505557911114,1.1372273659048224,-0.9251695170119489,0.43495964025520334,-0.3234172821788336,True
-1.0652117792608822,1.483496426313051,0.5837322412705391,0.5144096069692994,-1.5999392615235257,-0.852640931079307,False
-1.0617476759136923,0.001037721093653793,-1.2148843033070456,-0.44530980901819944,0.43495964025520334,0.20203293606994338,True
-1.0582835725665025,-0.666068696255075,1.5878583373260218,0.03454989897554999,-0.07376508518947889,0.49730388456521607,False
-1.0548194692193127,0.5940212031814127,-1.2182566226815272,-0.9251695170119489,0.9436843656998856,-0.19040385170652238,True
-1.0513553658721229,0.5940212031814127,0.24445308858845907,0.9942693149630488,0.43495964025520334,0.5384971691795727,False
-1.047891262524933,0.001037721093653793,-0.822472445189983,-0.9251695170119489,-1.5999392615235257,-1.8736683749175942,True
-1.0444271591777432,1.2611276205301414,-0.12579608311063747,0.5144096069692994,0.43495964025520334,-0.2548666253396752,True
-1.0409630558305532,-0.8884375020379846,0.27082797755379723,0.9942693149630488,-0.5824898106341612,0.18662476090884791,False
-1.0374989524833633,1.1128817500082018,0.2633524789284246,-1.8848889329994478,-1.0912145360788434,-1.7598365502580746,False
-1.0340348491361735,-1.6296668546476831,0.364868646568352,0.5144096069692994,-0.5824898106341612,0.24039614769552728,True
-1.0305707457889837,-1.5555439193867133,1.567951490968575,-0.44530980901819944,1.452409091144568,0.894457460656302,False
-1.0271066424417938,0.9646358794862621,0.3967815152049353,-1.4050292250056984,-1.0912145360788434,-1.5897177183774114,True
-1.023642539094604,-0.5178228257331352,-0.30751974779496044,-1.4050292250056984,1.452409091144568,0.4501360014190063,True
-1.0201784357474142,-1.6296668546476831,0.9121723247358161,0.03454989897554999,0.43495964025520334,0.6309462201461437,True
-1.0167143324002241,-1.6296668546476831,1.1396911578086295,0.03454989897554999,-0.07376508518947889,-0.19606399768406688,False
-1.0132502290530343,0.29752946213753323,-1.3002892504670112,-0.9251695170119489,0.43495964025520334,-0.6573658948539989,True
-1.0097861257058445,-0.07308521416731607,0.5420106408672292,0.03454989897554999,-1.5999392615235257,-0.6523346539850698,True
-1.0063220223586546,0.9646358794862621,0.6467665501692509,2.913708146938047,0.43495964025520334,2.095037313004495,False
-1.0028579190114648,0.5940212031814127,-0.36143244088809967,-1.4050292250056984,-1.0912145360788434,-2.1884353817799673,False
-0.9993938156642749,0.6681441384423826,1.3276917378403468,0.5144096069692994,-0.5824898106341612,0.40642709637018565,False
-0.995929712317085,-1.7037897899086532,-0.2125268073944763,0.03454989897554999,-0.07376508518947889,-0.5925886686665374,False
-0.9924656089698952,-0.36957695521119555,0.0657167968243763,-0.9251695170119489,1.452409091144568,0.5548487020035924,True
-0.9890015056227053,-1.6296668546476831,-0.23576155622783837,-0.44530980901819944,0.43495964025520334,0.22341570976289202,True
-0.9855374022755155,1.483496426313051,-0.04532275765815535,2.433848438944297,0.43495964025520334,1.9818343934535914,True
-0.9820732989283256,0.1492835916155935,-1.1677122110629996,-1.8848889329994478,-0.5824898106341612,-2.4472298339755048,True
-0.9786091955811357,0.5940212031814127,-1.5147448044781475,1.4741290229567983,-0.07376508518947889,0.5847216946628582,False
-0.9751450922339459,-1.3331751136038037,1.5485635147443804,-0.9251695170119489,0.9436843656998856,0.875904759952127,True
-0.971680988886756,0.5940212031814127,-0.9160359690366059,0.03454989897554999,1.452409091144568,0.750123738228901,True
-0.9682168855395662,-1.4814209841257435,-1.061835784547146,-0.44530980901819944,0.43495964025520334,-0.11807976421566707,False
-0.9647527821923763,-0.9625604372989545,-2.234843004751483,2.913708146938047,0.43495964025520334,0.3806419869169245,True
-0.9612886788451864,-0.5178228257331352,-0.7060658487973553,-0.9251695170119489,0.9436843656998856,-0.7859769895659975,True
-0.9578245754979966,1.038758814747232,-1.3966759393058412,-0.44530980901819944,1.452409091144568,0.9098656358173975,True
-0.9543604721508067,0.001037721093653793,1.596523670446322,-0.9251695170119489,-1.0912145360788434,-1.1255857482187073,True
-0.9508963688036168,-1.4072980488647737,0.9583356149957576,-0.9251695170119489,-1.0912145360788434,-1.214261368533582,True
-0.947432265456427,0.7422670737033524,-0.7557205764779334,1.4741290229567983,-1.5999392615235257,-0.567118011767584,True
-0.9439681621092372,-1.3331751136038037,2.212728053039809,-1.8848889329994478,-0.5824898106341612,-1.0375390330124492,False
-0.9405040587620472,-0.14720814942828594,0.9300178232097994,0.03454989897554999,-0.07376508518947889,0.0331719144065123,False
-0.9370399554148574,-0.9625604372989545,-0.3889588042996039,0.9942693149630488,0.43495964025520334,0.8894262197873731,True
-0.9335758520676676,-0.5919457609941051,-2.416491295304906,-0.9251695170119489,1.452409091144568,-0.3988858952127694,True
-0.9301117487204776,0.6681441384423826,2.2515995691184476,0.9942693149630488,0.43495964025520334,1.7469383353854668,False
-0.9266476453732878,-1.110806307820894,-1.4637885270729145,0.03454989897554999,-1.5999392615235257,-1.6334266234262325,True
-0.923183542026098,-1.3331751136038037,-1.7220384700871223,0.9942693149630488,1.452409091144568,0.9237015482069524,True
-0.9197194386789082,-0.5919457609941051,0.9712097857468714,0.03454989897554999,1.452409091144568,1.0076603802072062,True
-0.9162553353317182,0.37165239739850314,2.401819539019647,0.9942693149630488,0.43495964025520334,1.4305990657515533,False
-0.9127912319845284,-1.5555439193867133,1.3363389004112332,0.03454989897554999,-0.5824898106341612,-0.21713231882270773,True
-0.9093271286373386,-0.2954540199502257,0.5082026512251502,-0.44530980901819944,-1.5999392615235257,-1.8390785939437073,False
-0.9058630252901486,0.8905129442252921,0.5393402430867577,0.03454989897554999,-0.5824898106341612,-0.49636618704826935,True
-0.9023989219429588,-0.36957695521119555,0.8004517111419347,2.913708146938047,-1.5999392615235257,0.22278680465427556,False
-0.898934818595769,0.1492835916155935,0.7050697863873391,0.9942693149630488,0.43495964025520334,1.4177065110249227,False
-0.895470715248579,-1.5555439193867133,0.22280590738718709,0.5144096069692994,-1.5999392615235257,-0.8746526098808717,True
-0.8920066119013892,-0.36957695521119555,0.044138932904199644,-0.9251695170119489,-1.0912145360788434,-0.8255980114088135,False
-0.8885425085541994,-0.2954540199502257,-0.12423610779432366,-2.3647486409931973,1.452409091144568,-0.3708996178793511,True
-0.8850784052070095,0.5940212031814127,-0.8221581619834608,2.433848438944297,-0.07376508518947889,0.9340784824991188,False
-0.8816143018598196,-1.259052178342834,-0.34438442763837546,0.03454989897554999,0.43495964025520334,0.3941634467521707,True
-0.8781501985126298,1.2611276205301414,-1.7700470805875002,0.03454989897554999,0.9436843656998856,0.5224600889098616,True
-0.8746860951654399,0.6681441384423826,-0.16032079997958157,-0.9251695170119489,-0.07376508518947889,-0.35391917994671585,False
-0.87122199181825,1.1870046852691716,-1.0590079086717576,-0.44530980901819944,0.43495964025520334,-0.42498545722033826,True
-0.8677578884710602,1.1128817500082018,-1.1750955109746815,-1.4050292250056984,-0.07376508518947889,-1.3394134851481918,True
-0.8642937851238703,-0.4436998904721654,0.12054878512117606,-1.4050292250056984,-1.0912145360788434,-1.664242973748423,False
-0.8608296817766805,1.1870046852691716,1.3441414689260487,0.9942693149630488,-0.07376508518947889,1.2428708908296386,True
-0.8573655784294906,-1.7037897899086532,0.8659679824938668,-0.9251695170119489,-1.5999392615235257,-1.8346762581833944,True
-0.8539014750823007,-0.9625604372989545,-1.6464308139775863,-1.8848889329994478,-0.07376508518947889,-1.5966356745721888,False
-0.8504373717351109,0.29752946213753323,-1.0600543977213122,-0.9251695170119489,0.43495964025520334,-0.16807772035064952,False
-0.846973268387921,0.07516065635462366,0.888635406395541,0.9942693149630488,0.9436843656998856,1.6695830070256825,True
-0.8435091650407311,-0.07308521416731607,-1.052846073470649,0.03454989897554999,0.9436843656998856,0.674969577749273,True
-0.8400450616935413,0.5198982679204428,-0.28781143151443894,0.03454989897554999,-0.5824898106341612,-0.47498341335532074,False
-0.8365809583463515,0.445775332659473,0.49421402011000853,-0.44530980901819944,1.452409091144568,0.6680516215544956,False
-0.8331168549991615,1.3352505557911114,-1.038569405498138,0.03454989897554999,-0.07376508518947889,-0.4998251651456576,True
-0.8296527516519717,0.8163900089643223,0.045324056515946266,0.03454989897554999,0.9436843656998856,1.1111152705745593,False
-0.8261886483047819,-1.259052178342834,-1.407714884566193,-0.9251695170119489,-0.07376508518947889,-0.628750712411965,True
-0.822724544957592,-0.5919457609941051,-0.6681149738890005,-0.9251695170119489,1.452409091144568,0.06021483407700543,True
-0.8192604416104021,0.1492835916155935,0.2617622193630885,0.5144096069692994,0.9436843656998856,1.3321754162531292,True
-0.8157963382632123,-1.6296668546476831,-1.669137270911334,0.5144096069692994,1.452409091144568,1.4123608176016853,True
-0.8123322349160224,-1.7037897899086532,0.3835984451137919,-0.44530980901819944,-0.07376508518947889,-0.18505815828328478,True
-0.8088681315688325,-0.8884375020379846,-0.08087377407730638,1.9539887309505477,0.43495964025520334,1.4746224233546827,False
-0.8054040282216427,-1.4072980488647737,0.49667512008056913,0.5144096069692994,-0.07376508518947889,0.6457254901986227,False
-0.8019399248744529,0.9646358794862621,0.16498587318683536,0.03454989897554999,1.452409091144568,0.9589202342894557,False
-0.7984758215272629,0.5940212031814127,1.3160161503672112,0.03454989897554999,0.43495964025520334,1.3931792117888937,False
-0.7950117181800731,-1.110806307820894,0.06536146163584589,-0.44530980901819944,0.43495964025520334,0.5013917677712207,True
-0.7915476148328833,1.2611276205301414,-0.494523639542182,2.433848438944297,-0.5824898106341612,0.8740180446262785,True
-0.7880835114856933,0.8163900089643223,0.06240639191456272,0.5144096069692994,0.9436843656998856,1.0013713291210444,True
-0.7846194081385035,-0.36957695521119555,0.48739602618007993,-1.4050292250056984,-1.5999392615235257,-1.7044929006998555,True
-0.7811553047913137,-0.5919457609941051,-0.01172675775923383,-0.44530980901819944,0.43495964025520334,-0.391967939017992,False
-0.7776912014441238,-1.5555439193867133,-0.020073096789830956,-0.9251695170119489,1.452409091144568,1.2862653433241513,True
-0.7742270980969339,-0.2954540199502257,-0.769693055993596,-1.4050292250056984,0.9436843656998856,0.16649979743313217,True
-0.7707629947497441,0.001037721093653793,-0.7302313335506753,0.03454989897554999,-1.0912145360788434,-0.5363016614453939,False
-0.7672988914025543,0.6681441384423826,-1.4769446778315938,0.5144096069692994,-0.07376508518947889,-0.12373991019321245,False
-0.7638347880553643,0.001037721093653793,1.7051041439082277,0.03454989897554999,1.452409091144568,1.4243100146653924,False
-0.7603706847081745,-0.9625604372989545,-1.3166986025540168,2.433848438944297,-1.0912145360788434,-0.08789231900209257,False
-0.7569065813609847,-1.184929243081864,-0.7605202934563414,0.03454989897554999,1.452409091144568,1.2174002339306853,True
-0.7534424780137948,0.8905129442252921,-0.7862639240753884,0.03454989897554999,-0.07376508518947889,-0.3847355302689059,True
-0.7499783746666049,1.038758814747232,0.842354344056068,-0.44530980901819944,-0.5824898106341612,-0.5466785957375596,False
-0.7465142713194151,1.1870046852691716,-0.3587943463065856,-0.44530980901819944,1.452409091144568,0.9755862196677832,True
-0.7430501679722252,-0.2954540199502257,1.198514610126593,-0.9251695170119489,0.43495964025520334,-0.07751538470992692,True
-0.7395860646250353,0.8163900089643223,-0.7409216734556123,0.5144096069692994,-1.5999392615235257,-0.8123910041278751,True
-0.7361219612778455,0.07516065635462366,0.220587754392118,-0.44530980901819944,0.43495964025520334,0.14763264417464755,False
-0.7326578579306556,0.8163900089643223,-0.9043119267650346,-1.4050292250056984,-0.07376508518947889,-1.4802882294782047,True
-0.7291937545834657,0.07516065635462366,2.1044248487022874,1.9539887309505477,1.452409091144568,2.426470305245195,False
-0.7257296512362759,0.37165239739850314,-1.259900830004002,0.03454989897554999,-1.5999392615235257,-1.1023162591999107,True
-0.722265547889086,-0.4436998904721654,0.2517065027209999,1.9539887309505477,0.43495964025520334,1.1233789201925735,True
-0.7188014445418962,1.6317422968349908,0.5787319752652713,0.03454989897554999,-1.5999392615235257,-0.8029574274986329,True
-0.7153373411947063,-0.4436998904721654,0.35667036386630957,0.03454989897554999,-0.07376508518947889,0.08159760776995408,False
-0.7118732378475164,-1.6296668546476831,-0.24809262944648236,-1.8848889329994478,-0.5824898106341612,-1.5513545067518275,True
-0.7084091345003266,0.8163900089643223,-0.19210041792046573,0.03454989897554999,-0.5824898106341612,0.3120913300777661,False
-0.7049450311531367,-0.5919457609941051,-0.016823260378062456,1.4741290229567983,1.452409091144568,1.4862571678640812,False
-0.7014809278059468,1.2611276205301414,-0.20944454382729874,0.5144096069692994,0.43495964025520334,0.3230971694785483,False
-0.698016824458757,0.8905129442252921,0.9119623539425938,-1.4050292250056984,-1.0912145360788434,-1.3752610763393114,True
-0.6945527211115672,0.6681441384423826,2.1704182652221515,0.03454989897554999,-0.07376508518947889,1.2268338105599275,True
-0.6910886177643772,-1.4814209841257435,-0.6238239232019602,0.03454989897554999,0.43495964025520334,0.20077512585271137,True
-0.6876245144171874,0.6681441384423826,-1.443831206967097,-0.44530980901819944,0.43495964025520334,-0.14952501964647358,True
-0.6841604110699976,-0.7401916315160448,-0.15016817374062183,0.5144096069692994,-0.5824898106341612,-0.32215947196160155,False
-0.6806963077228076,-0.2213310846892558,2.5431022905426555,0.03454989897554999,1.452409091144568,1.8459908899925075,False
-0.6772322043756178,-0.2954540199502257,-0.8723391626137185,0.5144096069692994,-1.5999392615235257,-1.2576558210280946,False
-0.673768101028428,-1.184929243081864,1.5935975390074384,0.03454989897554999,-0.07376508518947889,0.5510752713518954,True
-0.6703039976812382,-1.259052178342834,1.6325471211502234,-0.44530980901819944,-1.5999392615235257,-0.8460374274388378,False
-0.6668398943340482,-1.5555439193867133,-0.6198829329291676,0.9942693149630488,0.9436843656998856,1.0309298692260025,True
-0.6633757909868584,-0.5178228257331352,0.5133247272098198,0.03454989897554999,0.9436843656998856,0.512083154617695,False
-0.6599116876396686,0.6681441384423826,1.582775967356737,0.9942693149630488,-0.07376508518947889,0.86238330011688,True
-0.6564475842924786,-0.8884375020379846,-0.44376993011374344,0.5144096069692994,1.452409091144568,1.7280711821269832,True
-0.6529834809452888,-0.14720814942828594,-0.26655929151708213,-0.44530980901819944,-1.0912145360788434,-1.3997883755753404,False
-0.649519377598099,-0.14720814942828594,-0.6482417766971341,1.4741290229567983,0.9436843656998856,1.454497459878966,False
-0.646055274250909,1.6317422968349908,-1.0854211576858572,-0.44530980901819944,-0.5824898106341612,-1.3174018063466273,False
-0.6425911709037192,0.445775332659473,-0.7164789195779091,-0.9251695170119489,-1.0912145360788434,-1.8236704187826118,False
-0.6391270675565294,1.038758814747232,-1.2965864962865286,0.03454989897554999,0.43495964025520334,0.45894067293963214,True
-0.6356629642093395,1.038758814747232,-0.02664343286108679,2.433848438944297,0.9436843656998856,2.2151581887501752,False
-0.6321988608621496,1.557619361574021,-0.8383185102451702,0.5144096069692994,-0.5824898106341612,-0.2677591800663057,False
-0.6287347575149598,-1.184929243081864,0.17495141006516784,-0.44530980901819944,0.43495964025520334,-0.5875574277976084,False
-0.62527065416777,0.2234065268765634,-1.6316870955868175,-0.9251695170119489,-1.0912145360788434,-1.8843597617640686,True
-0.62180655082058,0.2234065268765634,0.27296537255147274,-0.9251695170119489,-0.07376508518947889,-0.2885130486506379,True
-0.6183424474733902,0.7422670737033524,0.780376618956585,0.03454989897554999,0.43495964025520334,0.0797108924441056,False
-0.6148783441262003,-0.2213310846892558,-2.0736756153203113,-1.4050292250056984,-1.5999392615235257,-2.569551877601342,True
-0.6114142407790105,0.445775332659473,0.31655113672794477,0.5144096069692994,-0.07376508518947889,0.5265479721158663,False
-0.6079501374318206,0.6681441384423826,1.1782510826139923,-1.4050292250056984,-0.07376508518947889,-0.9944590330722445,True
-0.6044860340846308,0.29752946213753323,-1.2821523502191006,0.03454989897554999,-1.0912145360788434,-1.653866039456257,True
-0.6010219307374409,1.7058652320959606,1.6273705335173134,-1.4050292250056984,-1.0912145360788434,-1.6702175722802761,True
-0.597557827390251,0.6681441384423826,0.36193982319622214,0.5144096069692994,-0.5824898106341612,0.008330162616175411,True
-0.5940937240430612,-1.4072980488647737,-0.772741670395193,-0.9251695170119489,-0.5824898106341612,-1.291931149447674,False
-0.5906296206958713,-0.36957695521119555,-0.11734745061667572,0.03454989897554999,-1.5999392615235257,-0.9705606389448315,False
-0.5871655173486814,-1.4814209841257435,0.5025670889737217,-1.4050292250056984,-0.07376508518947889,-0.6391276467041307,False
-0.5837014140014916,0.8163900089643223,0.015675776722933795,0.5144096069692994,1.452409091144568,1.985922276659596,True
-0.5802373106543017,-0.5178228257331352,0.4828109908780754,0.5144096069692994,-1.5999392615235257,-1.24381990863854,False
-0.5767732073071119,1.483496426313051,-0.9904463878347863,0.9942693149630488,-1.5999392615235257,-0.8432073544500651,False
-0.573309103959922,0.29752946213753323,0.10991564879772579,0.5144096069692994,1.452409091144568,1.1664589201327786,False
-0.5698450006127321,0.445775332659473,-1.4881592717362757,0.5144096069692994,1.452409091144568,1.2318650514288565,True
-0.5663808972655423,0.37165239739850314,-0.17332956739301808,-0.44530980901819944,1.452409091144568,0.8850238840270607,True
-0.5629167939183524,1.6317422968349908,-0.973521530531087,-0.44530980901819944,-1.0912145360788434,-1.617389543156521,True
-0.5594526905711625,-1.3331751136038037,-0.8035488274507994,0.9942693149630488,-1.5999392615235257,-0.9532657484578879,False
-0.5559885872239727,0.8163900089643223,1.1867555727228172,0.03454989897554999,-1.5999392615235257,-0.9189904200383088,False
-0.5525244838767829,1.2611276205301414,1.0406004220237468,0.03454989897554999,0.43495964025520334,0.4076849065874177,False
-0.5490603805295929,0.9646358794862621,0.5538598580347601,1.4741290229567983,1.452409091144568,2.2519491376042193,True
-0.5455962771824031,0.001037721093653793,-1.1637119982587856,-0.44530980901819944,1.452409091144568,0.29165191404774177,True
-0.5421321738352133,0.37165239739850314,-0.3804563331407131,-1.4050292250056984,-0.5824898106341612,-0.6190026832284149,False
-0.5386680704880233,1.6317422968349908,1.1635423593554273,-0.9251695170119489,-0.5824898106341612,-0.3642961142388824,True
-0.5352039671408335,0.5198982679204428,0.0820097227984731,-0.44530980901819944,-0.07376508518947889,-0.1627320269274119,True
-0.5317398637936437,0.8163900089643223,2.2802551985268344,0.5144096069692994,-0.5824898106341612,1.246015416372719,True
-0.5282757604464539,0.6681441384423826,0.3359949705670032,1.9539887309505477,0.9436843656998856,1.7337313281045286,True
-0.5248116570992639,-0.2213310846892558,0.132819289841775,-0.9251695170119489,-0.07376508518947889,-0.31995830408144443,False
-0.5213475537520741,0.5940212031814127,-0.3730952416783146,0.03454989897554999,1.452409091144568,1.1221211099753414,True
-0.5178834504048843,-0.07308521416731607,0.07375625546487857,-0.9251695170119489,0.43495964025520334,0.1180741040696895,True
-0.5144193470576943,0.6681441384423826,-0.2149643529491306,-1.4050292250056984,-0.5824898106341612,-0.7674242888618216,True
-0.5109552437105045,-1.5555439193867133,0.6537682685432494,-0.44530980901819944,0.43495964025520334,0.42686651240021006,True
-0.5074911403633147,-0.4436998904721654,0.904717015609792,1.9539887309505477,-0.5824898106341612,1.1120586282374836,False
-0.5040270370161247,0.07516065635462366,-0.8544862613233074,-0.44530980901819944,-0.5824898106341612,-1.0573495439338576,False
-0.5005629336689349,1.3352505557911114,-1.4048957574738556,0.03454989897554999,0.43495964025520334,-0.04009553074726725,True
-0.49709883032174507,0.5198982679204428,-1.9146530237032429,1.4741290229567983,-1.5999392615235257,-0.39668472733261223,True
-0.4936347269745552,-1.5555439193867133,0.45175482999717326,1.4741290229567983,-1.5999392615235257,-0.17122224589373,True
-0.49017062362736535,1.1870046852691716,-1.1748707345486036,0.03454989897554999,-1.5999392615235257,-1.4155110032907436,True
-0.48670652028017547,1.6317422968349908,-2.234338940251087,-0.9251695170119489,0.9436843656998856,-0.5158622454153695,True
-0.4832424169329856,0.001037721093653793,0.33121073220476244,1.9539887309505477,-1.5999392615235257,0.16838651275898064,True
-0.47977831358579576,0.5940212031814127,2.4555707161180003,-1.4050292250056984,-0.5824898106341612,-0.8598733398283926,False
-0.4763142102386059,1.7058652320959606,-0.06717789070271532,1.4741290229567983,1.452409091144568,1.539714102096452,True
-0.47285010689141604,-0.14720814942828594,0.785385633744904,0.9942693149630488,-1.0912145360788434,-0.10330049416318804,False
-0.46938600354422616,-0.07308521416731607,0.02155495893316558,0.5144096069692994,0.43495964025520334,-0.14575158899477664,False
-0.46592190019703633,-1.6296668546476831,-0.16087601121166045,1.9539887309505477,1.452409091144568,2.3000603784133533,True
-0.46245779684984645,0.2234065268765634,0.8667351834691032,-0.9251695170119489,-1.0912145360788434,-1.0082949454617993,False
-0.45899369350265656,1.3352505557911114,-0.3540747143422594,0.5144096069692994,1.452409091144568,1.1969608179006608,False
-0.45552959015546673,-1.6296668546476831,0.20887582582015526,0.9942693149630488,0.9436843656998856,1.2155135186048367,False
-0.45206548680827685,0.1492835916155935,0.26369637340065777,0.9942693149630488,-1.0912145360788434,-0.2988899829428045,False
-0.448601383461087,-0.5178228257331352,-0.735470508631565,0.03454989897554999,-0.07376508518947889,-0.4598896907485339,False
-0.44513728011389714,1.1870046852691716,0.940392533941591,0.03454989897554999,-1.5999392615235257,-0.9413165513941811,False
-0.44167317676670725,0.6681441384423826,-0.23766744496632006,-1.8848889329994478,0.9436843656998856,-0.3941691068981482,True
-0.4382090734195174,-1.110806307820894,-0.8239557004087732,0.9942693149630488,1.452409091144568,1.485313810201157,False
-0.43474497007232754,1.4093734910520812,0.480543710101259,-0.44530980901819944,-0.5824898106341612,-0.6212038511085711,False
-0.4312808667251377,1.1128817500082018,-0.9680306596916545,0.9942693149630488,-1.5999392615235257,-1.0529472081735447,False
-0.42781676337794783,0.37165239739850314,-0.03260135411877692,0.03454989897554999,-1.5999392615235257,-1.1391072080539544,True
-0.424352660030758,1.3352505557911114,-0.07025477040339988,0.03454989897554999,-1.0912145360788434,-0.5969910044268498,False
-0.4208885566835681,0.1492835916155935,1.035134451566844,-0.9251695170119489,-0.07376508518947889,-0.4661787418346949,True
-0.41742445333637823,0.8163900089643223,0.418146043415331,0.03454989897554999,-1.5999392615235257,-0.9972891060610167,False
-0.4139603499891884,0.07516065635462366,-0.0863134981850564,0.03454989897554999,1.452409091144568,1.2824919126724545,True
-0.4104962466419985,0.001037721093653793,0.7644646015368597,-0.44530980901819944,1.452409091144568,0.6623914755769502,True
-0.4070321432948087,-0.8143145667770147,1.3423297978511926,-0.9251695170119489,0.43495964025520334,0.4705754174490307,False
-0.4035680399476188,-1.259052178342834,0.5020455269072234,-0.9251695170119489,0.43495964025520334,0.6139657822135084,False
-0.4001039366004289,0.8905129442252921,-0.05059894682118394,0.03454989897554999,-1.5999392615235257,-1.258599178691019,True
-0.3966398332532391,1.557619361574021,-1.38531530802254,2.433848438944297,-1.0912145360788434,0.05424023554515227,False
-0.3931757299060492,-0.2954540199502257,-1.1362549521283771,-1.4050292250056984,-1.0912145360788434,-1.9132893967604105,True
-0.3897116265588594,-1.7037897899086532,-0.36916636510513107,0.03454989897554999,-0.5824898106341612,-0.32404618728745005,True
-0.3862475232116695,-1.184929243081864,-0.6763368110069493,-0.9251695170119489,0.9436843656998856,0.245741841118764,True
-0.38278341986447967,1.6317422968349908,-0.2497925852916113,-0.44530980901819944,0.9436843656998856,-0.0639939248746799,True
-0.3793193165172898,-0.5919457609941051,-0.0038629477630620014,0.5144096069692994,0.9436843656998856,0.724338628775639,True
-0.3758552131700999,-0.7401916315160448,0.47366178275672705,-0.9251695170119489,-0.07376508518947889,-0.2727904209352347,False
-0.37239110982291007,-0.8884375020379846,-0.13221634390340437,-0.44530980901819944,-1.0912145360788434,-1.1542009306607415,True
-0.3689270064757202,-0.07308521416731607,0.4300612129473995,-0.44530980901819944,-0.5824898106341612,-0.9507501280234235,True
-0.36546290312853036,-0.666068696255075,0.00403585736531386,0.03454989897554999,0.43495964025520334,0.8259068038171445,False
-0.3619987997813405,0.29752946213753323,-2.055233853632241,1.4741290229567983,1.452409091144568,1.162371036926774,True
-0.3585346964341506,0.7422670737033524,-1.0092852096767069,0.03454989897554999,0.9436843656998856,0.5215167312469374,False
-0.35507059308696076,-1.6296668546476831,-0.20650226078893635,0.5144096069692994,0.43495964025520334,0.5023351254341449,False
-0.3516064897397709,0.5940212031814127,-1.2822061888840295,-0.9251695170119489,0.43495964025520334,-0.7888070625547702,False
-0.34814238639258105,-0.07308521416731607,0.5445632665681689,-0.44530980901819944,-1.5999392615235257,-1.2853276458072047,True
-0.34467828304539117,-0.14720814942828594,1.484204774688418,0.03454989897554999,-0.07376508518947889,0.43001103794329054,True
-0.34121417969820134,0.07516065635462366,1.1692600255708718,0.5144096069692994,-0.5824898106341612,-0.05550370590836183,True
-0.33775007635101145,-0.14720814942828594,-0.2765147336457404,0.9942693149630488,-0.07376508518947889,0.29290972426497375,False
-0.33428597300382157,-0.14720814942828594,1.4438008756092422,0.03454989897554999,-1.5999392615235257,-0.6928990334908101,True
-0.33082186965663174,1.3352505557911114,0.0890262468053272,-1.4050292250056984,-0.5824898106341612,-1.7881372801458006,False
-0.32735776630944186,-1.3331751136038037,-0.4013295835336332,0.5144096069692994,-0.5824898106341612,-0.5410184497600142,True
-0.323893662962252,-0.666068696255075,-0.6802643416135098,-0.44530980901819944,-1.0912145360788434,-1.1696091058218365,False
-0.32042955961506214,1.4093734910520812,-0.36638559806155535,-1.4050292250056984,-0.07376508518947889,-1.0460292519787673,True
-0.31696545626787226,0.9646358794862621,-0.4529043326022367,-0.44530980901819944,-0.07376508518947889,-0.5674324643218918,True
-0.31350135292068243,0.6681441384423826,0.11098098138000528,-1.4050292250056984,-1.0912145360788434,-1.2711772808633417,True
-0.31003724957349255,-1.184929243081864,0.10104572875069556,-0.9251695170119489,0.43495964025520334,-0.3256184500589898,False
-0.3065731462263027,1.483496426313051,-0.05797484391643795,-0.44530980901819944,-1.5999392615235257,-0.8620745077085489,False
-0.30310904287911283,1.483496426313051,0.3800282686456965,0.9942693149630488,-0.07376508518947889,0.00015439620416511236,True
-0.299644939531923,-1.4072980488647737,1.1408776273869996,0.03454989897554999,-1.0912145360788434,-1.2551402005936303,True
-0.2961808361847331,1.1128817500082018,0.8975012885427012,0.03454989897554999,1.452409091144568,1.6252451968682455,False
-0.29271673283754324,-1.4814209841257435,-1.5600170648335163,0.9942693149630488,-0.5824898106341612,-0.6039089606216272,False
-0.2892526294903534,-1.3331751136038037,-2.416491295304906,1.9539887309505477,0.9436843656998856,0.8837660738098286,False
-0.2857885261431635,1.557619361574021,0.8821229468890837,0.9942693149630488,1.452409091144568,2.1579278238661077,True
-0.2823244227959737,0.5940212031814127,-1.4408795021623721,0.5144096069692994,-1.0912145360788434,-1.0674120256717154,False
-0.2788603194487838,0.445775332659473,-0.2879446822101381,0.5144096069692994,0.9436843656998856,1.2167713288220687,True
-0.2753962161015939,1.7058652320959606,-1.2422498237070747,1.9539887309505477,0.43495964025520334,0.8771625701693591,False
-0.2719321127544041,0.8163900089643223,-1.8801040794350803,-1.4050292250056984,-1.5999392615235257,-2.2991226808964065,True
-0.2684680094072142,1.1870046852691716,0.48554330312321553,-0.9251695170119489,0.9436843656998856,0.19574388498378154,False
-0.2650039060600244,-0.5919457609941051,0.7052986007132869,1.9539887309505477,0.43495964025520334,1.235009576971937,False
-0.2615398027128345,-0.8143145667770147,-0.6430227911155928,-0.9251695170119489,0.9436843656998856,0.6369208186779969,False
-0.2580756993656447,1.3352505557911114,-2.416491295304906,1.4741290229567983,-0.5824898106341612,0.10801162233183165,False
-0.2546115960184548,0.445775332659473,-0.6124700217517749,0.03454989897554999,-0.5824898106341612,-0.8045296902701735,False
-0.2511474926712649,-0.36957695521119555,0.3344666254663352,-0.44530980901819944,-0.5824898106341612,-0.6627115882772355,True
-0.24768338932407508,-0.5178228257331352,-1.5539736746952513,1.9539887309505477,-0.5824898106341612,0.6743406726406566,False
-0.2442192859768852,-0.36957695521119555,0.12404762535824036,-1.4050292250056984,-1.0912145360788434,-1.862662535516812,False
-0.24075518262969534,0.29752946213753323,-0.07650476641832933,0.03454989897554999,-0.5824898106341612,-0.7447837049516409,False
-0.23729107928250548,0.1492835916155935,0.5237303951739458,2.433848438944297,1.452409091144568,2.6673409618451736,True
-0.23382697593531562,0.9646358794862621,0.05966398491974881,0.03454989897554999,-0.5824898106341612,0.2947964395908222,False
-0.23036287258812577,0.1492835916155935,-1.043338165244212,-0.44530980901819944,1.452409091144568,0.6608192128054104,True
-0.2268987692409359,-0.07308521416731607,1.1468591030605964,0.9942693149630488,-1.0912145360788434,0.27498592866941424,False
-0.22343466589374603,-1.110806307820894,-0.22108109826836092,-0.9251695170119489,-0.5824898106341612,-1.3076537771630772,False
-0.21997056254655617,-0.8884375020379846,-0.0886130821608303,0.5144096069692994,0.43495964025520334,0.6976101616594537,True
-0.2165064591993663,-1.7037897899086532,-1.003160388557737,-0.9251695170119489,0.43495964025520334,-0.4976239972655014,False
-0.21304235585217646,-1.7037897899086532,-0.5085317871733603,-0.9251695170119489,-0.07376508518947889,-0.07499976427546201,True
-0.2095782525049866,1.7058652320959606,-0.9542358477702569,-0.44530980901819944,0.43495964025520334,0.3812708920255401,True
-0.20611414915779674,0.7422670737033524,-0.23563436238194396,-1.8848889329994478,-1.5999392615235257,-1.5636181563698421,False
-0.20265004581060686,0.5940212031814127,1.6668773458421131,-1.4050292250056984,-1.5999392615235257,-1.8032310027525877,True
-0.199185942463417,0.07516065635462366,-1.4459497584320478,-0.44530980901819944,-1.5999392615235257,-1.7972564042207346,False
-0.19572183911622715,1.1870046852691716,-1.6898994790578379,0.03454989897554999,-1.0912145360788434,-1.1029451643085266,False
-0.1922577357690373,1.557619361574021,1.4240595831464518,1.4741290229567983,0.43495964025520334,1.2340662193090126,True
-0.18879363242184743,-1.7037897899086532,-0.2723570427466091,0.9942693149630488,1.452409091144568,1.6198995034450088,True
-0.18532952907465755,-0.5919457609941051,-0.7364618130495675,0.9942693149630488,-1.5999392615235257,-0.6023366978500875,True
-0.1818654257274677,1.1128817500082018,0.9887080248320639,-1.4050292250056984,-0.07376508518947889,-0.7366079385396307,True
-0.17840132238027784,-1.4072980488647737,-0.6724032235505845,0.5144096069692994,-1.0912145360788434,-0.9529512959035797,False
-0.17493721903308798,-0.14720814942828594,1.7822616805844032,1.4741290229567983,-0.07376508518947889,0.8891117672330654,False
-0.17147311568589813,0.37165239739850314,0.6232996220933833,0.5144096069692994,0.43495964025520334,0.3278139577931694,True
-0.16800901233870827,-1.5555439193867133,-0.5535839819858319,-0.44530980901819944,-0.5824898106341612,-0.5454207855203276,False
-0.16454490899151838,-0.8884375020379846,2.116698718339444,-0.44530980901819944,-0.07376508518947889,-0.019027209608626392,False
-0.16108080564432853,0.1492835916155935,-0.6725034980640143,-0.44530980901819944,-0.5824898106341612,-1.0966561132223658,False
-0.15761670229713867,-0.5919457609941051,0.688076957769167,-1.8848889329994478,-1.0912145360788434,-1.5051299812685421,False
-0.15415259894994882,0.9646358794862621,0.24107875026404266,0.5144096069692994,-0.07376508518947889,0.2646089943772477,True
-0.15068849560275896,-0.14720814942828594,1.2530255853837537,1.4741290229567983,-0.07376508518947889,0.8422583366411633,True
-0.1472243922555691,0.37165239739850314,1.5152568976694512,0.9942693149630488,0.9436843656998856,1.8582545396105217,False
-0.14376028890837922,-0.7401916315160448,-0.02874246781000096,0.9942693149630488,-1.0912145360788434,-0.5073720264490514,True
-0.14029618556118936,0.29752946213753323,-0.8216063156679397,0.5144096069692994,-1.0912145360788434,-1.4510441419275548,True
-0.1368320822139995,-1.4072980488647737,0.4032805150451606,0.5144096069692994,-1.5999392615235257,-0.45422954477098854,True
-0.13336797886680965,1.7058652320959606,-0.74518636870129,-0.44530980901819944,0.43495964025520334,-0.3328508588080759,False
-0.1299038755196198,0.445775332659473,1.971414408045598,-0.9251695170119489,-0.07376508518947889,-0.30863801212635456,False
-0.12643977217242994,1.6317422968349908,0.07677929650063406,0.5144096069692994,-0.07376508518947889,0.004871184518786267,False
-0.12297566882524007,-1.4072980488647737,-0.42983244573028434,-0.9251695170119489,1.452409091144568,0.5545342494492845,True
-0.11951156547805021,-0.8884375020379846,0.1253801323152294,2.433848438944297,-1.0912145360788434,0.37466738838507047,False
-0.11604746213086034,-0.5919457609941051,-1.4209396796226563,0.03454989897554999,-1.0912145360788434,-0.8472952376560698,False
-0.11258335878367048,0.1492835916155935,-1.0418697156582775,0.5144096069692994,0.43495964025520334,0.8784203803865911,True
-0.10911925543648063,0.1492835916155935,1.150738178868721,0.5144096069692994,-1.0912145360788434,-0.5193212235127578,False
-0.10565515208929076,-0.2213310846892558,-0.7241677539130622,-0.44530980901819944,-0.5824898106341612,-1.1488552372375043,False
-0.1021910487421009,1.1128817500082018,-1.1178798157881569,0.5144096069692994,-0.5824898106341612,-0.6067390336103999,True
-0.09872694539491104,0.8905129442252921,0.4806877285299437,0.03454989897554999,0.9436843656998856,0.9966545408064232,True
-0.09526284204772117,0.6681441384423826,1.1358888020980284,-0.9251695170119489,-0.5824898106341612,-0.7073638509889812,True
-0.09179873870053132,0.445775332659473,0.6647156880732223,-1.4050292250056984,-0.5824898106341612,-1.1897340692975527,False
-0.08833463535334146,0.9646358794862621,0.9444358176777486,-0.9251695170119489,0.43495964025520334,-0.33725319456838837,False
-0.08487053200615159,-0.07308521416731607,-0.8250156491245602,-1.4050292250056984,-0.07376508518947889,-1.6818523167896748,False
-0.08140642865896174,-1.0366833725599243,-1.496331981072477,1.4741290229567983,-0.5824898106341612,-0.343856698208858,True
-0.07794232531177188,-1.4072980488647737,1.4545087130802812,0.9942693149630488,0.9436843656998856,1.9865511817682127,True
-0.07447822196458201,0.8905129442252921,-0.38678708715303567,-0.44530980901819944,-1.0912145360788434,-1.03093552937198,False
-0.07101411861739215,0.7422670737033524,-0.3142596756607425,-0.9251695170119489,-0.5824898106341612,-1.06992764610618,False
-0.0675500152702023,0.5198982679204428,1.2797288902051582,-0.9251695170119489,0.9436843656998856,0.7715065119218487,True
-0.06408591192301243,-1.0366833725599243,0.5004505564587055,0.5144096069692994,0.43495964025520334,0.31649366583807864,True
-0.06062180857582257,-0.36957695521119555,0.39915781927823285,0.03454989897554999,1.452409091144568,1.2504177521330324,True
-0.057157705228632706,0.5940212031814127,2.1244662917220554,-1.8848889329994478,1.452409091144568,0.0674472428260915,True
-0.05369360188144284,-1.7037897899086532,-0.7106650167489031,1.4741290229567983,1.452409091144568,1.8365573133632653,False
-0.050229498534252986,-1.4072980488647737,0.8755815491002267,1.9539887309505477,-1.0912145360788434,0.46617308168871824,True
-0.04676539518706312,1.557619361574021,-0.003496171858234324,-0.44530980901819944,0.9436843656998856,0.5828349793370097,False
-0.04330129183987326,-1.4814209841257435,0.21008719578105464,0.9942693149630488,-0.5824898106341612,0.4862980451644339,False
-0.039837188492683404,-0.5919457609941051,1.4819011528127746,-0.9251695170119489,-0.07376508518947889,0.04700782679606709,False
-0.03637308514549354,0.001037721093653793,0.45159802488556783,0.9942693149630488,-1.0912145360788434,-0.5976199095354663,True
-0.03290898179830368,-0.5919457609941051,0.48234663239306436,0.03454989897554999,-1.0912145360788434,-0.3416555303287009,True
-0.029444878451113817,-1.6296668546476831,1.021619600703077,0.5144096069692994,1.452409091144568,1.5636124962238647,True
-0.025980775103923957,0.29752946213753323,-0.42946028595896363,1.4741290229567983,-0.07376508518947889,-0.0051912972190716,True
-0.022516671756734098,0.5940212031814127,-0.9082111920725077,-1.4050292250056984,1.452409091144568,0.13819906754540615,False
-0.019052568409544234,0.2234065268765634,-1.1157585723899595,-0.44530980901819944,-1.0912145360788434,-1.1347048722936413,True
-0.015588465062354374,-0.2954540199502257,-2.0460375366790795,1.9539887309505477,-0.5824898106341612,-0.22373582246317647,True
-0.012124361715164513,0.001037721093653793,2.0146401261503586,-0.44530980901819944,1.452409091144568,1.7774402331533492,False
-0.008660258367974653,-0.8884375020379846,-1.1747112375037516,-0.44530980901819944,1.452409091144568,0.3227827169242405,True
-0.0051961550207847915,0.8163900089643223,-0.2843994061245725,-0.9251695170119489,1.452409091144568,0.418376293433892,False
-0.0017320516735949306,0.6681441384423826,-0.3404858353142142,-0.44530980901819944,-1.0912145360788434,-1.3661419522643772,False
0.0017320516735949306,0.6681441384423826,0.24926963014965736,-0.44530980901819944,-0.5824898106341612,-1.1636345072899834,False
0.0051961550207847915,1.4093734910520812,0.762416713319628,0.5144096069692994,-0.07376508518947889,0.07750972456394936,False
0.008660258367974653,0.9646358794862621,0.8075765854619577,0.9942693149630488,-1.5999392615235257,-0.7513872085921097,False
0.012124361715164513,-0.8884375020379846,-0.649651676734959,-0.9251695170119489,-0.07376508518947889,-0.7356645808767064,False
0.015588465062354374,-1.5555439193867133,-0.22975518017171218,0.5144096069692994,-0.5824898106341612,-1.1790426824510785,False
0.019052568409544234,-1.7037897899086532,0.22420773162527194,1.4741290229567983,0.43495964025520334,1.385317897931192,False
0.022516671756734098,0.6681441384423826,-0.3120973802805372,0.9942693149630488,1.452409091144568,1.7915905980972118,True
0.025980775103923957,1.1870046852691716,1.5615251733260032,-0.9251695170119489,-0.07376508518947889,0.19322826454931752,True
0.029444878451113817,-1.0366833725599243,0.4345769309683082,-0.44530980901819944,0.43495964025520334,-0.2658724647404573,True
0.03290898179830368,1.4093734910520812,0.6807912404376686,0.5144096069692994,0.43495964025520334,0.6715105996518848,True
0.03637308514549354,1.483496426313051,0.608112407700263,1.4741290229567983,-0.5824898106341612,0.7598717674124502,False
0.039837188492683404,0.37165239739850314,1.123542923246529,-0.9251695170119489,-0.5824898106341612,-0.3504602018493267,True
0.04330129183987326,-0.8143145667770147,0.12168679990110963,-0.44530980901819944,1.452409091144568,1.3812300147251875,False
0.04676539518706312,-0.8884375020379846,-1.3701691456114278,-0.9251695170119489,-1.5999392615235257,-2.0101407834872944,True
0.050229498534252986,0.5198982679204428,0.3424253261094444,1.4741290229567983,0.9436843656998856,1.5632980436695567,True
0.05369360188144284,1.6317422968349908,-0.7185779545268228,-1.8848889329994478,-1.0912145360788434,-2.4899953813614015,True
0.057157705228632706,-1.6296668546476831,-0.5946749970261628,-0.9251695170119489,-0.07376508518947889,-0.34731567630624627,False
0.06062180857582257,0.8163900089643223,0.5308700751268244,0.9942693149630488,-0.5824898106341612,0.04920899467622333,True
0.06408591192301243,-0.07308521416731607,1.188966322901459,0.03454989897554999,-0.07376508518947889,0.24857191410753668,False
0.0675500152702023,-0.5178228257331352,-0.03957682614362271,1.9539887309505477,0.9436843656998856,1.7327879704416043,False
0.07101411861739215,0.1492835916155935,0.25070981443650453,0.03454989897554999,0.9436843656998856,0.051724615110688245,True
0.07447822196458201,-1.184929243081864,1.6572933905014637,-0.44530980901819944,1.452409091144568,1.0196095772709126,True
0.07794232531177188,0.37165239739850314,0.18198475865481223,0.03454989897554999,0.43495964025520334,0.5381827166252648,True
0.08140642865896174,0.1492835916155935,2.5652844934766583,0.9942693149630488,1.452409091144568,2.226478480705266,False
0.08487053200615159,-1.0366833725599243,0.5098178111730161,-0.9251695170119489,-1.0912145360788434,-1.064896405237251,True
0.08833463535334146,0.1492835916155935,-1.8384955402281207,0.5144096069692994,-1.5999392615235257,-1.1507419525633529,False
0.09179873870053132,0.7422670737033524,0.6994295132527294,0.9942693149630488,-0.07376508518947889,0.3677494321902931,False
0.09526284204772117,1.2611276205301414,0.3237204279465343,-0.44530980901819944,-1.0912145360788434,-1.1639489598442916,True
0.09872694539491104,-1.259052178342834,1.240923326491057,-0.44530980901819944,-1.5999392615235257,-1.225267207934364,True
0.1021910487421009,-1.4814209841257435,0.6185099998646495,-0.44530980901819944,-0.07376508518947889,0.0960624252681253,False
0.10565515208929076,1.557619361574021,-0.20081757075576004,-0.9251695170119489,-1.0912145360788434,-1.4497863317103223,False
0.10911925543648063,-0.9625604372989545,-1.2969478883248637,-0.44530980901819944,-0.5824898106341612,-1.5475810761001307,False
0.11258335878367048,0.37165239739850314,-0.2720535272730725,-1.4050292250056984,-0.07376508518947889,-0.920562682809849,True
0.11604746213086034,0.8905129442252921,-0.9196290269372958,0.9942693149630488,-1.0912145360788434,-0.3073802019091226,False
0.11951156547805021,0.07516065635462366,-0.6470734776681778,0.5144096069692994,0.9436843656998856,1.2733727885975208,True
0.12297566882524007,-0.2213310846892558,0.5331057256879954,0.9942693149630488,-1.5999392615235257,-0.5032841432430467,False
0.12643977217242994,0.8905129442252921,1.6246772543042478,0.03454989897554999,-1.0912145360788434,-0.9139591791693799,False
0.1299038755196198,-1.0366833725599243,0.3373611266895733,-0.44530980901819944,-0.5824898106341612,-0.7334634129965502,True
0.13336797886680965,0.9646358794862621,-1.2682639936173892,0.03454989897554999,1.452409091144568,0.9922522050461108,False
0.1368320822139995,-1.110806307820894,0.3877655577792857,-0.44530980901819944,-0.07376508518947889,0.0715351260320962,True
0.14029618556118936,0.001037721093653793,1.146919671558641,0.9942693149630488,-0.07376508518947889,0.890684030004606,True
0.14376028890837922,0.8163900089643223,-0.6766100422314631,0.03454989897554999,-0.07376508518947889,-0.27719275669554805,False
0.1472243922555691,0.8163900089643223,-0.19633684786705585,0.5144096069692994,-0.5824898106341612,0.04260549103575461,True
0.15068849560275896,0.8905129442252921,-0.046222536345779136,0.03454989897554999,-1.5999392615235257,-1.4315480835604546,True
0.15415259894994882,-0.4436998904721654,-0.8533845876422008,-1.4050292250056984,-0.07376508518947889,-0.9359708579709445,False
0.15761670229713867,1.1128817500082018,0.5933734001926753,-0.44530980901819944,-1.5999392615235257,-1.0963416606680574,True
0.16108080564432853,0.5940212031814127,-0.18314368302623815,-0.44530980901819944,-1.0912145360788434,-0.9391153835140249,True
0.16454490899151838,0.001037721093653793,0.36245802034616226,0.5144096069692994,0.9436843656998856,1.2708571681630558,True
0.16800901233870827,-0.07308521416731607,-0.9569506624492946,2.913708146938047,0.9436843656998856,2.2123281157614034,False
0.17147311568589813,0.5940212031814127,-0.5026526049631286,0.5144096069692994,-1.5999392615235257,-1.4148820981821273,True
0.17493721903308798,0.9646358794862621,0.6681761682615248,1.4741290229567983,-1.5999392615235257,-0.30297786614880917,False
0.17840132238027784,-0.8884375020379846,-0.43741562168551457,0.03454989897554999,0.9436843656998856,0.3580014030067439,False
0.1818654257274677,-0.8143145667770147,1.6822772229617025,-0.9251695170119489,-0.07376508518947889,-0.2410307129501204,True
0.18532952907465755,-0.07308521416731607,-0.4644722427455143,0.03454989897554999,0.43495964025520334,-0.12311100508459599,True
0.18879363242184743,0.07516065635462366,0.16576384189505725,-1.8848889329994478,0.43495964025520334,-0.5061142162318194,True
0.1922577357690373,0.8163900089643223,0.8803772281787652,1.4741290229567983,-0.5824898106341612,-0.09072239199086526,False
0.19572183911622715,1.2611276205301414,-1.4928546763013841,0.5144096069692994,1.452409091144568,1.236267387189169,True
0.199185942463417,0.445775332659473,-1.838541976076622,-0.44530980901819944,0.9436843656998856,0.06996286326055552,True
0.20265004581060686,-0.5178228257331352,-1.6011612455554642,0.9942693149630488,0.9436843656998856,1.4733646131374507,True
0.20611414915779674,-0.2954540199502257,1.2134972375929831,-1.8848889329994478,-0.5824898106341612,-1.220235967065435,True
0.2095782525049866,0.07516065635462366,-0.6181365412355379,0.9942693149630488,0.43495964025520334,0.6472977529701635,True
0.21304235585217646,-0.14720814942828594,2.521388483993534,-0.9251695170119489,-1.0912145360788434,-0.5256102745989196,False
0.2165064591993663,-0.8143145667770147,-0.6306432630985123,1.9539887309505477,-0.07376508518947889,0.7727643221390816,False
0.21997056254655617,-0.36957695521119555,0.1252502465360885,-0.44530980901819944,-0.07376508518947889,-0.17593903420835114,True
0.22343466589374603,0.8905129442252921,1.495671737334954,-1.4050292250056984,-1.0912145360788434,-0.9186759674840005,True
0.2268987692409359,-0.8884375020379846,1.964050624649953,-0.44530980901819944,-1.0912145360788434,-0.7029615152286679,True
0.23036287258812577,1.2611276205301414,2.0199863055777945,0.5144096069692994,0.43495964025520334,1.4522962919988098,True
0.23382697593531562,-0.36957695521119555,1.1587655238096142,-1.4050292250056984,-0.5824898106341612,-1.4450695433957017,False
0.23729107928250548,-0.8884375020379846,0.9727159223982568,-1.8848889329994478,-1.0912145360788434,-1.1007439964283703,True
0.24075518262969534,-1.110806307820894,0.5370911328593545,0.9942693149630488,-0.5824898106341612,-0.36681173467334643,False
0.2442192859768852,-1.259052178342834,0.7246865769374815,0.9942693149630488,1.452409091144568,2.2368554149974327,False
0.24768338932407508,0.29752946213753323,-0.6174581740574341,0.5144096069692994,-1.5999392615235257,-1.69883275472231,True
0.2511474926712649,-0.7401916315160448,-0.8870007770404709,1.4741290229567983,-0.07376508518947889,1.1302968763873509,False
0.2546115960184548,0.5198982679204428,-0.06445634619056168,0.9942693149630488,0.43495964025520334,0.8916273876675302,False
0.2580756993656447,-0.36957695521119555,-0.23284686550525174,0.03454989897554999,-0.07376508518947889,-0.3916534864636833,False
0.2615398027128345,1.7058652320959606,-0.5185720251992813,0.5144096069692994,0.43495964025520334,1.0699219859602027,False
0.2650039060600244,-0.5919457609941051,0.6419358759585088,0.5144096069692994,-1.5999392615235257,-1.1601755291925946,True
0.2684680094072142,-1.4072980488647737,0.9033071155719676,0.9942693149630488,-0.07376508518947889,0.6026454902584176,True
0.2719321127544041,0.8163900089643223,0.028194612285517246,0.5144096069692994,-1.5999392615235257,-0.14197815834307972,False
0.2753962161015939,-0.8884375020379846,1.4304798439392183,-0.9251695170119489,0.43495964025520334,0.30863235198037703,True
0.2788603194487838,0.07516065635462366,-1.2135565072332373,-0.9251695170119489,-1.0912145360788434,-2.24975362987004,True
0.2823244227959737,-0.2213310846892558,-0.2565439538736906,-1.8848889329994478,1.452409091144568,-0.013052611076773227,True
0.2857885261431635,0.8905129442252921,-0.7846635697603781,0.03454989897554999,-0.07376508518947889,-0.3369387420140806,True
0.2892526294903534,-0.07308521416731607,-1.9452717454315982,-0.9251695170119489,-1.5999392615235257,-2.1173691045063445,True
0.29271673283754324,-0.5919457609941051,-0.1445137679564678,1.9539887309505477,0.9436843656998856,1.704801693108186,False
0.2961808361847331,1.1128817500082018,-0.18395059001685932,1.4741290229567983,-0.07376508518947889,0.8435161468583963,True
0.299644939531923,1.557619361574021,1.466740184768807,-0.44530980901819944,-0.07376508518947889,-0.42938779298065166,True
0.30310904287911283,1.3352505557911114,0.5757392184785382,-1.4050292250056984,-0.07376508518947889,-0.8325159676035908,True
0.3065731462263027,1.1128817500082018,-1.0949405066285918,-0.9251695170119489,-0.5824898106341612,-1.093826040233593,True
0.31003724957349255,-0.7401916315160448,1.810610429602696,-1.4050292250056984,-1.5999392615235257,-1.7906529005802652,False
0.31350135292068243,0.5198982679204428,1.1715535526968415,-0.44530980901819944,-1.5999392615235257,-0.8523264785249988,False
0.31696545626787226,-1.4072980488647737,0.5265636549158271,-0.44530980901819944,-0.07376508518947889,-0.4020304207558498,False
0.32042955961506214,0.8163900089643223,-0.2896796331874706,0.03454989897554999,-1.0912145360788434,-0.8488675004276101,False
0.323893662962252,-0.07308521416731607,-1.029579694421641,1.4741290229567983,-0.07376508518947889,0.44101687734407263,True
0.32735776630944186,0.37165239739850314,-0.43678301737260034,0.5144096069692994,-0.5824898106341612,-0.6026511504043952,False
0.33082186965663174,1.4093734910520812,1.0380148201405384,-0.9251695170119489,0.43495964025520334,0.11147060042922079,True
0.33428597300382157,-0.9625604372989545,1.8413926862757724,0.03454989897554999,-0.5824898106341612,-0.4152374280367882,True
0.33775007635101145,-0.4436998904721654,1.4968158089646924,0.5144096069692994,-1.0912145360788434,-0.3642961142388824,True
0.34121417969820134,1.7058652320959606,-0.5545308695052682,-0.9251695170119489,-0.07376508518947889,-0.6630260408315443,True
0.34467828304539117,-0.8884375020379846,-1.1912753757524281,1.4741290229567983,-1.5999392615235257,-1.1916207846234013,True
0.34814238639258105,-1.110806307820894,0.08117118559220612,1.4741290229567983,1.452409091144568,2.1088732253940496,False
0.3516064897397709,-1.0366833725599243,-1.8462449430613188,0.03454989897554999,0.9436843656998856,0.3966790671866356,False
0.35507059308696076,1.483496426313051,0.26518030160275924,-0.44530980901819944,-0.07376508518947889,-0.06242166210313923,False
0.3585346964341506,-0.5178228257331352,-0.2100509017910602,-1.4050292250056984,-1.0912145360788434,-1.6290242876659196,False
0.3619987997813405,1.038758814747232,-0.5315020535652594,0.5144096069692994,-1.5999392615235257,-1.4535597623620193,True
0.36546290312853036,-1.259052178342834,-1.670862800122304,0.03454989897554999,-0.5824898106341612,-0.8233968435286572,False
0.3689270064757202,1.6317422968349908,0.45741663859775455,0.5144096069692994,0.43495964025520334,0.9073500153829336,True
0.37239110982291007,-0.8143145667770147,-0.5987976927930906,0.9942693149630488,0.43495964025520334,0.341964322737032,False
0.3758552131700999,1.1870046852691716,-1.2420512936301493,-0.9251695170119489,1.452409091144568,-0.0033045818932231387,True
0.3793193165172898,1.3352505557911114,-2.416491295304906,1.9539887309505477,-0.07376508518947889,0.32435497969578025,True
0.38278341986447967,-1.110806307820894,-0.08882507190398779,-1.4050292250056984,-0.5824898106341612,-1.3252631202043288,False
0.3862475232116695,0.2234065268765634,1.7279936523027342,-2.3647486409931973,1.452409091144568,0.2800171695383432,True
0.3897116265588594,-1.6296668546476831,1.6159500067192787,0.5144096069692994,0.9436843656998856,1.2834352703353786,True
0.3931757299060492,-1.4072980488647737,-0.5224766743732472,-0.44530980901819944,0.9436843656998856,0.4227786291942045,False
0.3966398332532391,0.37165239739850314,-0.6689676437448113,0.5144096069692994,1.452409091144568,1.6186416932277758,True
0.4001039366004289,0.9646358794862621,0.4121659137083576,-0.44530980901819944,-1.0912145360788434,-0.8120765515735664,False
0.4035680399476188,1.038758814747232,-1.0688947065026313,0.03454989897554999,0.43495964025520334,0.12090417705846221,False
0.4070321432948087,-0.36957695521119555,0.24360176469927133,-1.4050292250056984,-0.5824898106341612,-1.4787159667066645,False
0.4104962466419985,-1.184929243081864,0.7122888783709878,0.03454989897554999,-0.07376508518947889,-0.10047042117441535,True
0.4139603499891884,1.557619361574021,1.1775087820212855,-0.44530980901819944,-1.5999392615235257,-0.9309396171020151,True
0.41742445333637823,-1.7037897899086532,-0.16215266055378616,-0.9251695170119489,-0.07376508518947889,-0.7284321721276212,True
0.4208885566835681,-0.14720814942828594,-0.26665350918070774,0.03454989897554999,-0.07376508518947889,-0.406747209070471,False
0.424352660030758,-0.5178228257331352,-0.9473512284924785,-0.9251695170119489,-0.5824898106341612,-0.4976239972655014,True
0.42781676337794783,-1.259052178342834,-0.8957650387075777,-0.9251695170119489,0.43495964025520334,0.11996081939553797,False
0.4312808667251377,0.07516065635462366,-0.2896742493209776,-0.44530980901819944,-0.5824898106341612,-0.7913226829892342,False
0.43474497007232754,1.557619361574021,0.30979640322930774,1.4741290229567983,-1.5999392615235257,-0.732520055333626,True
0.4382090734195174,-1.4814209841257435,0.8611911469480533,0.03454989897554999,1.452409091144568,1.568014831984178,False
0.44167317676670725,0.8905129442252921,-0.8718384630298799,-0.44530980901819944,-0.5824898106341612,-1.0422558213270703,True
0.44513728011389714,-1.3331751136038037,1.4457821384786245,-0.44530980901819944,-1.0912145360788434,-0.4605185958571495,True
0.448601383461087,0.5198982679204428,-0.33474192274961634,-0.44530980901819944,-0.07376508518947889,-0.5234091067187625,True
0.45206548680827685,-0.36957695521119555,-0.08261949278762488,-0.44530980901819944,0.43495964025520334,0.5995009647153372,True
0.45552959015546673,1.483496426313051,-0.8153415140201552,0.9942693149630488,0.9436843656998856,0.895715270873535,True
0.45899369350265656,1.1128817500082018,-2.416491295304906,1.4741290229567983,-1.5999392615235257,-0.28536852310755745,False
0.46245779684984645,0.2234065268765634,0.8313719293938916,0.9942693149630488,0.9436843656998856,1.5048098685682572,False
0.46592190019703633,-1.0366833725599243,0.6827758682236091,-0.9251695170119489,-0.07376508518947889,0.051724615110688245,False
0.46938600354422616,0.1492835916155935,-0.3450426053171312,0.5144096069692994,-0.5824898106341612,-0.4319034134151157,True
0.47285010689141604,-0.36957695521119555,0.006575696383332794,0.5144096069692994,0.9436843656998856,0.5869228625430144,True
0.4763142102386059,1.1128817500082018,0.45977813703819653,-0.44530980901819944,-1.0912145360788434,-1.6953737766249213,True
0.47977831358579576,-1.5555439193867133,-1.6384007771034466,0.5144096069692994,-0.5824898106341612,-0.1627320269274119,False
0.4832424169329856,1.557619361574021,-0.5951151281119563,1.9539887309505477,-0.07376508518947889,0.8485473877273252,True
0.48670652028017547,-0.8143145667770147,0.7407405938359568,0.5144096069692994,0.9436843656998856,0.7784244681166261,False
0.49017062362736535,0.29752946213753323,-1.3272233885642977,-0.44530980901819944,1.452409091144568,0.9919377524918029,False
0.4936347269745552,-0.2954540199502257,0.23528974781756698,0.5144096069692994,-1.5999392615235257,-0.5491942161720245,True
0.49709883032174507,0.29752946213753323,-1.4304852749145436,0.9942693149630488,0.9436843656998856,1.3497847592943808,True
0.5005629336689349,-1.184929243081864,0.4097997043847339,-0.44530980901819944,1.452409091144568,0.5620811107526775,False
0.5040270370161247,1.2611276205301414,-0.09702873847252326,-0.9251695170119489,1.452409091144568,1.0054592123270492,True
0.5074911403633147,1.1128817500082018,-1.691485027739993,-0.44530980901819944,0.9436843656998856,0.22027118421981065,False
0.5109552437105045,-1.7037897899086532,1.1147254958978043,0.03454989897554999,0.43495964025520334,1.062375124656809,True
0.5144193470576943,-1.5555439193867133,-0.8026012669480518,-0.9251695170119489,0.9436843656998856,0.22624578275166382,True
0.5178834504048843,-0.8143145667770147,-0.8789794889493819,0.03454989897554999,-0.07376508518947889,-0.19103275681513796,False
0.5213475537520741,0.29752946213753323,0.1414200165641609,-0.9251695170119489,1.452409091144568,1.0652051976455816,True
0.5248116570992639,0.07516065635462366,1.0984709299724693,0.03454989897554999,-1.5999392615235257,-0.6947857488166584,False
0.5282757604464539,0.6681441384423826,-1.0864965850178114,0.03454989897554999,-0.07376508518947889,0.04637892168745064,True
0.5317398637936437,1.038758814747232,0.0012147113230411121,0.03454989897554999,-1.0912145360788434,-0.9793653104654573,False
0.5352039671408335,-1.3331751136038037,0.3718299859436541,0.5144096069692994,-0.5824898106341612,-0.14889611453785712,False
0.5386680704880233,1.483496426313051,0.6386227791154492,0.5144096069692994,0.9436843656998856,0.6017021325954943,True
0.5421321738352133,1.557619361574021,0.1170634045503438,0.5144096069692994,0.43495964025520334,0.45579614739655167,False
0.5455962771824031,0.5940212031814127,-0.43155528300800783,0.03454989897554999,-1.5999392615235257,-1.0714999088777202,True
0.5490603805295929,1.557619361574021,-0.8964810929511315,0.9942693149630488,0.43495964025520334,0.8240200884912962,True
0.5525244838767829,1.7058652320959606,0.0259105069259106,-0.9251695170119489,0.43495964025520334,-0.4520283768908323,True
0.5559885872239727,-0.2213310846892558,-1.143347523249443,0.03454989897554999,0.43495964025520334,0.4891281181532066,False
0.5594526905711625,-0.5919457609941051,-2.416491295304906,0.9942693149630488,0.9436843656998856,1.6195850508907002,False
0.5629167939183524,-0.2213310846892558,0.3796466871080133,-1.4050292250056984,-1.5999392615235257,-2.1689393234128675,True
0.5663808972655423,-0.9625604372989545,0.8514497135124873,1.4741290229567983,-1.5999392615235257,-0.330335238373611,True
0.5698450006127321,0.9646358794862621,-2.416491295304906,-0.44530980901819944,1.452409091144568,0.1275076806989318,False
0.573309103959922,0.8905129442252921,-1.0803475364996236,-1.4050292250056984,0.43495964025520334,-0.6837799094158764,True
0.5767732073071119,0.8163900089643223,0.5639707593084002,0.03454989897554999,1.452409091144568,1.357017168043466,True
0.5802373106543017,-0.36957695521119555,2.01594032990839,0.03454989897554999,1.452409091144568,1.3909780439087374,False
0.5837014140014916,-0.2954540199502257,-0.040058682194735774,-0.44530980901819944,-0.5824898106341612,-0.7809457486970686,True
0.5871655173486814,-0.4436998904721654,-0.7959501728794023,0.5144096069692994,0.9436843656998856,0.8391138110980829,False
0.5906296206958713,1.7058652320959606,-0.24567931129104606,1.4741290229567983,0.9436843656998856,1.5915987735572827,True
0.5940937240430612,1.2611276205301414,1.3268538736173907,-0.44530980901819944,-0.07376508518947889,0.47969454152396435,False
0.597557827390251,-0.7401916315160448,-0.7131341925192033,-0.9251695170119489,1.452409091144568,0.4649152714714853,True
0.6010219307374409,-0.666068696255075,-0.8678140228264473,0.5144096069692994,0.9436843656998856,0.618368117973821,True
0.6044860340846308,0.5198982679204428,-0.5483670153542254,-0.44530980901819944,0.43495964025520334,0.1922849068863933,False
0.6079501374318206,-1.7037897899086532,-1.023411129387417,-1.4050292250056984,-1.0912145360788434,-1.6941159664076892,True
0.6114142407790105,-1.5555439193867133,0.0627825895857534,-0.9251695170119489,0.43495964025520334,-0.19606399768406688,False
0.6148783441262003,-0.5919457609941051,1.5790227394278835,-1.8848889329994478,-1.5999392615235257,-1.703863995591239,True
0.6183424474733902,-0.07308521416731607,0.26509079482231535,1.9539887309505477,0.9436843656998856,1.693795853707404,False
0.62180655082058,-0.9625604372989545,-0.3157940776112152,0.03454989897554999,0.9436843656998856,0.5054796509772264,False
0.62527065416777,-0.8884375020379846,-0.35562594087552196,-0.9251695170119489,-0.07376508518947889,-1.223380492608516,False
0.6287347575149598,-1.0366833725599243,-1.6390515519657742,-0.44530980901819944,1.452409091144568,0.4017103080555645,False
0.6321988608621496,0.5940212031814127,0.8304277338077017,-0.9251695170119489,-1.0912145360788434,-1.6893991780930682,True
0.6356629642093395,-0.5919457609941051,-0.1396245441976154,-0.44530980901819944,0.9436843656998856,0.26083556372555167,True
0.6391270675565294,-1.184929243081864,-0.243239746786457,0.5144096069692994,-0.07376508518947889,0.33693308186810306,False
0.6425911709037192,1.038758814747232,3.1623122166057964,-0.44530980901819944,-0.07376508518947889,-0.025945165803403787,False
0.646055274250909,-0.8884375020379846,0.24053363378163803,-1.4050292250056984,-1.0912145360788434,-1.5843720249541744,False
0.649519377598099,0.001037721093653793,-0.8199642363876097,0.5144096069692994,0.43495964025520334,0.4337844685949875,True
0.6529834809452888,0.29752946213753323,-0.49144675984149744,-0.9251695170119489,0.43495964025520334,-0.3397688150028533,True
0.6564475842924786,-1.184929243081864,1.0982777837620374,0.5144096069692994,0.43495964025520334,0.7098738112774686,True
0.6599116876396686,0.29752946213753323,0.05329419787535271,-1.4050292250056984,-0.5824898106341612,-1.0730721716492608,True
0.6633757909868584,0.8905129442252921,-1.5129553418525745,1.4741290229567983,1.452409091144568,1.68624899240401,False
0.6668398943340482,0.1492835916155935,0.8668886236641503,-0.9251695170119489,1.452409091144568,0.8391138110980829,False
0.6703039976812382,-1.184929243081864,-0.7355243472964941,0.5144096069692994,0.43495964025520334,0.2988843227968269,False
0.673768101028428,0.29752946213753323,1.8299977328435793,-0.44530980901819944,-1.0912145360788434,-0.3781320266284372,True
0.6772322043756178,0.29752946213753323,1.0292317149407064,0.03454989897554999,-0.5824898106341612,-0.6048523182845514,True
0.6806963077228076,0.9646358794862621,-0.5126100660417215,0.5144096069692994,1.452409091144568,1.4872005255270053,True
0.6841604110699976,1.2611276205301414,1.2321045531757098,-1.8848889329994478,0.43495964025520334,-0.23348385164672655,False
0.6876245144171874,0.8905129442252921,0.0074485557384920496,0.03454989897554999,-0.5824898106341612,-0.3686984499991949,False
0.6910886177643772,0.2234065268765634,0.799804301196165,0.9942693149630488,-1.0912145360788434,-0.13914808535430703,True
0.6945527211115672,-0.5178228257331352,0.4282757882216962,0.5144096069692994,0.43495964025520334,0.11052724276629655,False
0.698016824458757,-1.110806307820894,-0.9154255731729749,0.5144096069692994,-1.5999392615235257,-0.7450981575059488,True
0.7014809278059468,0.6681441384423826,-0.7106973199478607,0.9942693149630488,0.9436843656998856,1.346954686305608,True
0.7049450311531367,-0.2954540199502257,0.9786698057560773,-0.44530980901819944,-1.0912145360788434,-1.1513708576719688,False
0.7084091345003266,-0.8143145667770147,-0.39899702337559,-0.9251695170119489,-0.07376508518947889,-0.3976280849955365,True
0.7118732378475164,0.29752946213753323,-0.46852292929809974,1.4741290229567983,-0.07376508518947889,0.6645926434571073,False
0.7153373411947063,0.37165239739850314,-1.0252221274789615,-0.44530980901819944,-1.0912145360788434,-1.5004131929539208,True
0.7188014445418962,-0.8143145667770147,0.366563218546988,0.03454989897554999,-0.07376508518947889,0.4202630087597405,False
0.722265547889086,1.6317422968349908,2.0210173160111817,0.03454989897554999,1.452409091144568,1.4758802335719146,False
0.7257296512362759,0.8163900089643223,-1.1386972085662126,-0.9251695170119489,-1.0912145360788434,-1.1689802007132206,False
0.7291937545834657,-1.3331751136038037,-0.03660089393967978,1.9539887309505477,-1.5999392615235257,-0.05361699058251337,True
0.7326578579306556,-0.4436998904721654,1.3645517068005801,1.4741290229567983,-1.0912145360788434,0.5482451983631227,True
0.7361219612778455,-1.4072980488647737,-0.14144563703883453,0.5144096069692994,0.43495964025520334,0.7535827163262893,False
0.7395860646250353,1.7058652320959606,0.39560850529279773,-0.9251695170119489,0.43495964025520334,0.1098983376576801,False
0.7430501679722252,0.07516065635462366,-1.1335091802170054,0.03454989897554999,-0.5824898106341612,-0.6303229751835048,True
0.7465142713194151,-1.6296668546476831,0.3713158266935835,0.03454989897554999,-0.07376508518947889,-0.1819136327402043,True
0.7499783746666049,-1.0366833725599243,-0.24996688796931876,0.03454989897554999,0.9436843656998856,0.7073581908430038,True
0.7534424780137948,0.445775332659473,0.9340200549639484,-0.9251695170119489,-0.07376508518947889,-0.036636552649878106,False
0.7569065813609847,1.557619361574021,1.1375867389932222,0.9942693149630488,1.452409091144568,2.134343882293003,True
0.7603706847081745,-1.4072980488647737,2.553049656871574,-0.9251695170119489,-1.0912145360788434,-0.5752937781795934,True
0.7638347880553643,0.6681441384423826,0.524075635612802,-2.3647486409931973,0.9436843656998856,-1.0482304198589234,False
0.7672988914025543,-1.7037897899086532,0.2678332018171293,0.5144096069692994,0.9436843656998856,0.993195562709035,True
0.7707629947497441,-0.4436998904721654,0.1351760773990362,0.5144096069692994,-0.07376508518947889,0.14291585586002728,True
0.7742270980969339,0.5940212031814127,-0.4175619410096849,-0.44530980901819944,0.9436843656998856,0.05015235233914756,True
0.7776912014441238,1.7058652320959606,0.2806414202037056,0.03454989897554999,0.9436843656998856,1.0960215479677726,False
0.7811553047913137,-0.9625604372989545,-0.35924995600854587,1.9539887309505477,0.43495964025520334,0.6384930814495375,False
0.7846194081385035,-0.2213310846892558,0.10900712132705125,0.03454989897554999,-1.5999392615235257,-0.9306251645477073,False
0.7880835114856933,0.1492835916155935,1.2690318204671052,-0.44530980901819944,-1.0912145360788434,-0.36335275657595817,False
0.7915476148328833,0.07516065635462366,-1.0771293303035008,-0.9251695170119489,-0.07376508518947889,-0.8608166974913168,False
0.7950117181800731,-0.14720814942828594,1.0896292752245267,0.5144096069692994,0.43495964025520334,0.8359692855550024,False
0.7984758215272629,0.2234065268765634,1.26854525353281,-1.4050292250056984,1.452409091144568,0.9850197962970255,False
0.8019399248744529,-0.8143145667770147,-0.18023706810339105,0.5144096069692994,1.452409091144568,1.1085996501400945,True
0.8054040282216427,0.6681441384423826,-2.2030088751623587,0.5144096069692994,-0.5824898106341612,-0.48850487319056773,True
0.8088681315688325,0.7422670737033524,-0.6746307983120161,0.5144096069692994,0.9436843656998856,0.5513897239062032,False
0.8123322349160224,1.2611276205301414,1.2482339442050852,0.03454989897554999,0.9436843656998856,0.6548446142735572,True
0.8157963382632123,0.8163900089643223,-0.0841343782220604,-0.9251695170119489,-0.07376508518947889,-0.46963771993208403,True
0.8192604416104021,-1.7037897899086532,-1.0698200585560962,-0.44530980901819944,-1.5999392615235257,-1.7290201999358845,False
0.822724544957592,-0.2213310846892558,-0.5706070948530267,-0.44530980901819944,-1.5999392615235257,-2.1453553818397624,True
0.8261886483047819,-1.3331751136038037,0.787535142442189,0.03454989897554999,-0.07376508518947889,0.5891240304231715,True
0.8296527516519717,0.29752946213753323,0.49086390918481015,-0.44530980901819944,-0.07376508518947889,-0.3073802019091226,True
0.8331168549991615,-0.5178228257331352,-0.3022455775818671,-0.44530980901819944,0.43495964025520334,0.19134154922346908,True
0.8365809583463515,-1.4072980488647737,-0.43135002309796683,0.03454989897554999,1.452409091144568,1.543173080193841,True
0.8400450616935413,0.5198982679204428,-0.4565195989522099,0.03454989897554999,-0.07376508518947889,-0.06871071318930107,False
0.8435091650407311,-1.4072980488647737,-0.9921995093615326,0.03454989897554999,1.452409091144568,1.3076481170171,False
0.846973268387921,1.038758814747232,1.5696319302976671,0.9942693149630488,-0.5824898106341612,0.16524198721589928,False
0.8504373717351109,-1.5555439193867133,-0.3864243491480775,-0.9251695170119489,1.452409091144568,0.9925666576004185,True
0.8539014750823007,-0.07308521416731607,1.1676415007064487,-1.4050292250056984,0.43495964025520334,-0.38850896092060283,False
0.8573655784294906,0.9646358794862621,1.474680714862503,-0.44530980901819944,0.9436843656998856,0.6595614025881775,True
0.8608296817766805,0.9646358794862621,0.9467199230373557,-0.44530980901819944,0.9436843656998856,0.25831994329108676,True
0.8642937851238703,-1.0366833725599243,-0.49675929010335307,0.5144096069692994,1.452409091144568,1.3592183359236223,True
0.8677578884710602,-1.0366833725599243,0.3465056239277403,-0.9251695170119489,0.9436843656998856,0.5224600889098616,True
0.87122199181825,-0.36957695521119555,-0.08547428799547768,0.03454989897554999,0.9436843656998856,0.9674104532557738,False
0.8746860951654399,-0.5178228257331352,-0.9733142516711107,0.03454989897554999,-1.0912145360788434,-1.5035577184970017,False
0.8781501985126298,-0.2213310846892558,0.2663829227806079,0.03454989897554999,-0.5824898106341612,-0.25297991001382675,True
0.8816143018598196,-0.7401916315160448,-1.2512610702495428,0.03454989897554999,0.43495964025520334,0.19039819156054483,False
0.8850784052070095,-1.110806307820894,1.1378828516503317,-0.9251695170119489,0.43495964025520334,0.30926125708899344,True
0.8885425085541994,1.6317422968349908,-0.53006927209484,2.433848438944297,0.9436843656998856,1.637194393931952,False
0.8920066119013892,-1.7037897899086532,0.14201560679493636,0.03454989897554999,-1.5999392615235257,-1.9736642871875592,False
0.895470715248579,1.557619361574021,0.22492243990220276,-0.44530980901819944,0.43495964025520334,0.3762396511566112,True
0.898934818595769,-0.8143145667770147,-0.3224074846144141,-0.44530980901819944,-0.5824898106341612,-0.8057875004874056,False
0.9023989219429588,-1.4814209841257435,0.531203201866072,0.9942693149630488,-0.07376508518947889,0.6752840303035808,True
0.9058630252901486,-1.7037897899086532,-0.5404527316096828,-0.9251695170119489,-0.5824898106341612,-1.0922537774620527,False
0.9093271286373386,1.1870046852691716,0.8185031425092703,0.5144096069692994,0.9436843656998856,1.2626814017510466,True
0.9127912319845284,0.5940212031814127,-1.4197828213099974,-1.4050292250056984,0.9436843656998856,-0.10833173503211697,True
0.9162553353317182,0.7422670737033524,0.06652706873155573,-0.44530980901819944,-1.0912145360788434,-1.6460047255985553,False
0.9197194386789082,0.29752946213753323,1.8962502479384133,-0.44530980901819944,1.452409091144568,1.6893935179470907,False
0.923183542026098,0.5198982679204428,-1.0708591447892233,-0.44530980901819944,0.43495964025520334,-0.20581202686761696,True
0.9266476453732878,-1.184929243081864,-0.7452159799670005,1.4741290229567983,1.452409091144568,2.231509721574195,False
0.9301117487204776,1.1128817500082018,0.45772755688771893,0.03454989897554999,1.452409091144568,1.1016816939453171,False
0.9335758520676676,0.1492835916155935,0.1202338289313422,1.4741290229567983,0.43495964025520334,0.9215003803267962,True
0.9370399554148574,0.7422670737033524,0.292902503157942,0.03454989897554999,0.43495964025520334,0.37498184093937914,True
0.9405040587620472,-1.5555439193867133,0.4327726627098794,0.9942693149630488,0.9436843656998856,1.507639941557029,False
0.9439681621092372,-0.8884375020379846,0.5796855926178237,1.4741290229567983,0.43495964025520334,1.1570253435035371,True
0.947432265456427,-1.7037897899086532,1.0591646666745305,-0.9251695170119489,-1.5999392615235257,-1.2947612224364466,True
0.9508963688036168,1.483496426313051,0.35265198051268165,-0.44530980901819944,-1.5999392615235257,-1.510161222137471,True
0.9543604721508067,-1.4072980488647737,-0.3045929433727653,0.5144096069692994,-0.07376508518947889,0.15140607482634447,False
0.9578245754979966,0.445775332659473,0.617896912067772,-0.44530980901819944,0.43495964025520334,0.9491722051059057,False
0.9612886788451864,0.445775332659473,1.8568336153773704,-0.44530980901819944,-1.0912145360788434,-0.5315848731307729,True
0.9647527821923763,-0.5178228257331352,-0.1949404074954635,0.5144096069692994,-0.07376508518947889,0.30360111111144805,False
0.9682168855395662,1.7058652320959606,-1.0448126716799515,-1.4050292250056984,0.9436843656998856,-0.7155396174009907,True
0.971680988886756,-0.07308521416731607,1.0565205152432122,-0.44530980901819944,0.43495964025520334,0.7743365849106214,False
0.9751450922339459,-0.666068696255075,-0.18257164721136898,-1.4050292250056984,-1.5999392615235257,-1.6812234116810583,True
0.9786091955811357,0.9646358794862621,-2.2543050091399555,1.4741290229567983,-1.0912145360788434,-0.8227679384200408,True
0.9820732989283256,-0.2213310846892558,0.7944015911705538,0.9942693149630488,-0.07376508518947889,0.9777873875479395,False
0.9855374022755155,-0.7401916315160448,-0.6014499200241484,-1.4050292250056984,-1.0912145360788434,-1.6177039957108292,True
0.9890015056227053,-1.6296668546476831,-0.15244083838393122,0.03454989897554999,0.43495964025520334,0.33221629355348187,False
0.9924656089698952,-0.9625604372989545,0.2740757950156305,0.5144096069692994,-0.5824898106341612,0.2885073885046613,False
0.995929712317085,1.1128817500082018,0.13125527662559167,0.9942693149630488,-1.0912145360788434,-0.4532861871080643,True
0.9993938156642749,1.038758814747232,0.6551243299161452,0.9942693149630488,-1.0912145360788434,-0.3969991798869209,True
1.0028579190114648,0.7422670737033524,-0.5006625933106955,0.9942693149630488,0.9436843656998856,1.1975897230092774,False
1.0063220223586546,1.038758814747232,0.45691795796385076,0.5144096069692994,-1.5999392615235257,-0.6947857488166584,True
1.0097861257058445,0.7422670737033524,-0.3230555675434951,0.03454989897554999,0.43495964025520334,0.5815771691197777,True
1.0132502290530343,-0.4436998904721654,0.6847611689928609,0.03454989897554999,-1.0912145360788434,-0.7136529020751422,True
1.0167143324002241,0.445775332659473,0.5601482140984514,1.4741290229567983,0.43495964025520334,0.9714983364617785,True
1.0201784357474142,-0.666068696255075,-1.005351622220342,0.9942693149630488,-1.5999392615235257,-0.1558140707326345,True
1.023642539094604,0.2234065268765634,1.0352219393973536,-0.44530980901819944,0.9436843656998856,0.3947923518607871,False
1.0271066424417938,0.7422670737033524,-0.6020912731201133,0.03454989897554999,0.43495964025520334,0.22970476084905297,False
1.0305707457889837,1.038758814747232,0.7546646185531839,1.4741290229567983,1.452409091144568,2.315468553574449,True
1.0340348491361735,0.6681441384423826,0.3097176641818489,0.03454989897554999,-1.5999392615235257,-0.7847191793487647,True
1.0374989524833633,0.001037721093653793,1.7945510288377275,-1.4050292250056984,-1.5999392615235257,-1.7331080831418892,True
1.0409630558305532,-0.666068696255075,-0.28663303773580834,-0.9251695170119489,-0.07376508518947889,-1.1997965510354112,False
1.0444271591777432,0.445775332659473,-0.41367613536844444,0.9942693149630488,0.9436843656998856,0.9670960007014652,True
1.047891262524933,1.3352505557911114,-0.08065303555109812,-0.9251695170119489,0.9436843656998856,0.4951027166850598,False
1.0513553658721229,-0.5178228257331352,-0.36710232528842046,1.4741290229567983,1.452409091144568,2.0085628605697767,False
1.0548194692193127,-1.4072980488647737,0.7464717197176339,-1.8848889329994478,0.43495964025520334,-0.2680736326206144,False
1.0582835725665025,0.37165239739850314,-1.6926748622349208,0.03454989897554999,-0.5824898106341612,-0.6048523182845514,True
1.0617476759136923,-1.4814209841257435,-1.1247159802674986,-0.9251695170119489,1.452409091144568,0.7947760009406458,False
1.0652117792608822,-1.0366833725599243,-1.1389697668074152,0.03454989897554999,-0.07376508518947889,-0.5501375738349488,True
1.0686758826080722,-0.5178228257331352,0.8982617596848216,0.03454989897554999,0.9436843656998856,0.5793760012396214,False
1.072139985955262,-1.0366833725599243,1.665771634261136,-1.4050292250056984,-1.5999392615235257,-1.4683390324144983,True
1.0756040893024519,-0.5178228257331352,-0.16648869203049443,0.9942693149630488,0.9436843656998856,0.8806215482667473,False
1.0790681926496417,-0.2954540199502257,-0.23147128761631966,-1.4050292250056984,1.452409091144568,-0.06619509275483615,True
1.0825322959968315,0.001037721093653793,0.009666035750249363,-0.44530980901819944,-0.5824898106341612,-0.29763217272557246,False
1.0859963993440214,-1.4072980488647737,1.111837051524371,0.03454989897554999,-1.0912145360788434,-0.4875615155276435,True
1.0894605026912112,0.7422670737033524,-0.9971896806171265,-0.44530980901819944,-1.0912145360788434,-1.301679178631224,True
1.0929246060384012,-1.3331751136038037,0.1795774973491802,-0.44530980901819944,0.9436843656998856,0.5520186290148197,True
1.096388709385591,-1.6296668546476831,0.9233875916238098,0.03454989897554999,0.9436843656998856,0.9284183365215735,True
1.099852812732781,-0.8143145667770147,0.44479214465524824,-0.44530980901819944,-0.07376508518947889,0.195114979875166,False
1.1033169160799707,1.4093734910520812,0.1303279056221921,-0.44530980901819944,0.9436843656998856,0.04889454212191555,False
1.1067810194271606,1.4093734910520812,0.9494811735648947,0.03454989897554999,-0.5824898106341612,-0.7004458947942038,True
1.1102451227743504,-0.9625604372989545,-2.416491295304906,0.9942693149630488,0.9436843656998856,0.39039001610047375,False
1.1137092261215402,1.7058652320959606,0.6232484753617007,0.5144096069692994,0.43495964025520334,0.8413149789782391,True
1.1171733294687303,-0.07308521416731607,-0.7213230534548832,0.5144096069692994,1.452409091144568,1.790018335325672,True
1.12063743281592,-0.5919457609941051,-1.9090275562014882,1.4741290229567983,-0.5824898106341612,0.14889045439188045,False
1.12410153616311,0.5198982679204428,0.4549965906092023,0.03454989897554999,-0.07376508518947889,0.2526597973135414,True
1.1275656395102998,-0.9625604372989545,1.3256243331070785,-1.4050292250056984,0.43495964025520334,-0.11713640655274284,True
1.1310297428574896,-0.5919457609941051,-0.1998006929719166,-0.44530980901819944,0.43495964025520334,-0.3642961142388824,False
1.1344938462046794,-1.184929243081864,0.9008534184178348,0.5144096069692994,1.452409091144568,1.7632898682094866,True
1.1379579495518692,-1.4814209841257435,1.5665045768486117,-0.9251695170119489,-1.0912145360788434,-0.3262473551676063,True
1.1414220528990593,1.1870046852691716,1.2663237356211832,-0.9251695170119489,-0.5824898106341612,-0.7158540699552984,True
1.1448861562462491,-1.4814209841257435,1.5944535737798076,0.03454989897554999,1.452409091144568,1.3353199417962096,True
1.148350259593439,0.07516065635462366,0.6881092609681245,0.03454989897554999,0.43495964025520334,0.43975906712684065,False
1.1518143629406288,-1.5555439193867133,0.01509835704157163,0.5144096069692994,-0.07376508518947889,0.40359702338141296,False
1.1552784662878186,0.5940212031814127,-1.678194280318992,-1.4050292250056984,1.452409091144568,0.027511768428966916,False
1.1587425696350084,-1.5555439193867133,-0.3094438070828559,0.5144096069692994,-1.0912145360788434,-0.36083713614149326,True
1.1622066729821983,0.2234065268765634,-0.9122861060243106,-0.44530980901819944,0.43495964025520334,-0.12216764742167177,True
1.1656707763293883,0.37165239739850314,2.130462573028508,-0.9251695170119489,1.452409091144568,1.0579727888964965,False
1.1691348796765781,0.5940212031814127,-0.2386022187861474,-0.44530980901819944,-0.5824898106341612,-0.6683717342547809,True
1.172598983023768,-0.36957695521119555,0.06332232220166503,-1.4050292250056984,-1.0912145360788434,-1.7356237035763538,True
1.1760630863709578,-0.2213310846892558,0.4956609342299717,0.5144096069692994,-0.5824898106341612,0.4815812568498128,True
1.1795271897181476,-1.4072980488647737,-0.017033904154596453,1.4741290229567983,-0.5824898106341612,0.5765459282508487,True
1.1829912930653375,-0.4436998904721654,1.6500621848182062,0.03454989897554999,-0.5824898106341612,-0.393225749235224,False
1.1864553964125275,0.29752946213753323,-0.6895986201455511,0.5144096069692994,1.452409091144568,0.9950822780348835,False
1.1899194997597173,1.3352505557911114,0.1354015268084257,0.03454989897554999,-1.0912145360788434,-0.6168015153482578,False
1.1933836031069072,-0.14720814942828594,-0.8105552567079792,0.03454989897554999,1.452409091144568,1.0073459276528975,True
1.196847706454097,-0.2213310846892558,-1.3935795430891202,0.5144096069692994,1.452409091144568,1.1601698690466176,False
1.2003118098012868,-1.3331751136038037,-0.6786155325000635,-0.44530980901819944,1.452409091144568,0.6686805266631121,False
1.2037759131484767,-1.7037897899086532,-0.09843729254372464,-0.44530980901819944,0.43495964025520334,0.22152899443704355,True
1.2072400164956665,-1.4072980488647737,-0.4944193271288821,0.03454989897554999,0.9436843656998856,0.577489285913773,True
1.2107041198428565,1.2611276205301414,-0.7600310345888002,0.03454989897554999,-1.5999392615235257,-1.2196070619568191,False
1.2141682231900464,-0.8884375020379846,-1.4806918489106422,-0.44530980901819944,0.43495964025520334,-0.0014178665673746768,False
1.2176323265372362,0.1492835916155935,-0.14494245832596406,-0.44530980901819944,-1.0912145360788434,-0.6064245810560921,False
1.221096429884426,1.6317422968349908,-1.5800275506209511,0.9942693149630488,-1.5999392615235257,-1.2469644341816208,False
1.2245605332316158,0.7422670737033524,0.7062078011672727,0.03454989897554999,-1.5999392615235257,-1.0576639964881653,True
1.2280246365788057,-0.7401916315160448,0.022171411646600796,-0.44530980901819944,-1.5999392615235257,-1.848826623127257,False
1.2314887399259955,0.1492835916155935,-1.5324112893912423,-0.9251695170119489,0.9436843656998856,0.4592551254939408,False
1.2349528432731856,1.557619361574021,-0.37318878635862845,1.9539887309505477,1.452409091144568,1.437202569392023,True
1.2384169466203754,0.2234065268765634,-0.8203330312423722,0.5144096069692994,-0.07376508518947889,0.549188556026047,False
1.2418810499675652,-1.110806307820894,0.26114913156621106,0.5144096069692994,-1.0912145360788434,-0.4841025374302544,True
1.245345153314755,0.1492835916155935,1.2921016883891219,-0.44530980901819944,0.9436843656998856,0.9281038839672657,True
1.2488092566619449,1.7058652320959606,-1.9539895712502042,0.9942693149630488,0.9436843656998856,0.7406901615996587,True
1.2522733600091347,-0.14720814942828594,0.055066162934824005,0.5144096069692994,-0.07376508518947889,0.23410709660936543,False
1.2557374633563245,1.7058652320959606,-0.22269962313278455,0.5144096069692994,-1.5999392615235257,-0.834717135483747,False
1.2592015667035146,0.445775332659473,0.6166512199579803,-1.4050292250056984,1.452409091144568,0.013990308593719903,True
1.2626656700507044,1.4093734910520812,0.15416699346938037,0.5144096069692994,-0.07376508518947889,0.04260549103575461,False
1.2661297733978942,-0.5178228257331352,-0.8201439229318097,-0.44530980901819944,-0.07376508518947889,-0.7488715881576457,False
1.269593876745084,0.1492835916155935,-0.38312673092118466,0.9942693149630488,0.9436843656998856,1.3004157082680148,True
1.2730579800922739,0.8905129442252921,-0.8646180250796078,1.4741290229567983,-1.0912145360788434,-0.2721615158266191,True
1.2765220834394637,-1.7037897899086532,1.0251527630890336,0.5144096069692994,-0.5824898106341612,0.2523453447592336,False
1.2799861867866535,-1.184929243081864,-0.039536447144926164,-0.9251695170119489,1.452409091144568,0.6787430084009699,True
1.2834502901338436,0.8163900089643223,1.8581546816180625,-0.44530980901819944,-0.07376508518947889,0.47529220576365183,False
1.2869143934810334,-0.666068696255075,-0.12228512917396415,0.03454989897554999,1.452409091144568,0.8777914752779746,False
1.2903784968282233,1.7058652320959606,-0.776168501417915,-0.9251695170119489,-0.07376508518947889,-0.7061060407717483,False
1.293842600175413,-0.14720814942828594,-1.5891067684778921,0.03454989897554999,-1.5999392615235257,-1.2416187407583836,False
1.297306703522603,-0.7401916315160448,-1.8812743974139714,1.4741290229567983,1.452409091144568,1.7403348317449974,True
1.3007708068697927,0.1492835916155935,-1.6601953416499617,1.4741290229567983,-1.5999392615235257,-1.3177162589009355,True
1.3042349102169826,0.29752946213753323,0.20860797846213444,0.03454989897554999,0.9436843656998856,0.4737199429921112,True
1.3076990135641726,-0.07308521416731607,0.4524957846232564,0.03454989897554999,-1.5999392615235257,-1.1391072080539544,True
1.3111631169113624,-0.7401916315160448,-1.6572221013792652,1.4741290229567983,1.452409091144568,1.4328002336317096,False
1.3146272202585523,0.001037721093653793,0.8424687512190416,0.03454989897554999,0.43495964025520334,0.529378045104639,False
1.318091323605742,-1.6296668546476831,-0.5486880283938634,-0.44530980901819944,1.452409091144568,1.0098615480873625,True
1.321555426952932,1.557619361574021,0.08713449071638926,-0.9251695170119489,-0.07376508518947889,-0.4319034134151157,False
1.3250195303001218,0.1492835916155935,1.5664467002838132,0.9942693149630488,-1.5999392615235257,-0.24071626039581262,False
1.3284836336473116,-0.7401916315160448,0.8442871521270138,-0.44530980901819944,-1.0912145360788434,-0.669629544472013,False
1.3319477369945016,-1.259052178342834,-0.33212469065076206,-0.44530980901819944,0.43495964025520334,0.36177483365843993,True
1.3354118403416915,-1.5555439193867133,-0.9606857198287344,0.03454989897554999,0.9436843656998856,-0.4391358221642017,True
1.3388759436888813,1.7058652320959606,-2.2332534181694585,-0.9251695170119489,-0.5824898106341612,-1.5793407840852454,True
1.3423400470360711,-0.07308521416731607,-0.787016992401081,0.03454989897554999,-0.07376508518947889,-0.5013974279171983,False
1.345804150383261,1.6317422968349908,-0.27418015453776245,-0.44530980901819944,-0.07376508518947889,-0.20612647942192563,True
1.3492682537304508,1.4093734910520812,-1.057582530017766,0.5144096069692994,-1.0912145360788434,-0.9667872082931345,True
1.3527323570776408,1.7058652320959606,-0.1935500239736754,0.03454989897554999,-0.5824898106341612,-0.4545439973252963,True
1.3561964604248307,1.557619361574021,0.016530465528679286,0.03454989897554999,-0.5824898106341612,-0.16115976415587213,True
1.3596605637720205,-0.4436998904721654,-0.2880362079405167,-1.4050292250056984,0.9436843656998856,-0.2655580121861495,True
1.3631246671192103,1.038758814747232,-0.7172111254209415,0.03454989897554999,0.9436843656998856,0.6925789207905247,True
1.3665887704664001,0.8163900089643223,0.10920295947072974,-0.9251695170119489,0.43495964025520334,0.36397600153859705,False
1.37005287381359,-0.666068696255075,0.3850783354160238,-0.9251695170119489,-0.07376508518947889,-0.1916616619237544,False
1.3735169771607798,0.07516065635462366,-1.1617805361544622,0.03454989897554999,-1.5999392615235257,-1.9893869149029624,True
1.3769810805079699,0.9646358794862621,1.3632515030425487,-0.44530980901819944,0.9436843656998856,0.7211941032325585,True
1.3804451838551597,0.29752946213753323,-0.1605718227548126,-0.9251695170119489,-1.0912145360788434,-1.2548257480393223,False
1.3839092872023495,-1.0366833725599243,-0.042021774514704784,-0.44530980901819944,-1.0912145360788434,-0.9136447266150716,False
1.3873733905495393,1.1128817500082018,0.6538752728897957,-1.4050292250056984,-1.0912145360788434,-1.5073311491486983,True
1.3908374938967292,-0.5178228257331352,0.17437600933374045,0.5144096069692994,1.452409091144568,1.2302927886573158,True
1.394301597243919,1.1128817500082018,0.9011179008592979,0.9942693149630488,0.9436843656998856,1.4812259269951522,True
1.3977657005911088,-0.14720814942828594,0.22879478587721125,-0.9251695170119489,0.9436843656998856,-0.04544122417050397,True
1.4012298039382989,0.1492835916155935,-0.6792898617782972,0.03454989897554999,-1.0912145360788434,-0.6391276467041307,False
1.4046939072854887,1.483496426313051,0.30387886097031414,-0.44530980901819944,0.9436843656998856,1.1532519128518401,True
1.4081580106326785,0.07516065635462366,-1.2156124712502083,0.5144096069692994,1.452409091144568,1.2309216937659322,True
1.4116221139798684,-0.5178228257331352,0.04853889779551122,0.5144096069692994,-1.5999392615235257,-1.0293632666004398,True
1.4150862173270582,-0.8143145667770147,-0.09459455783442672,-1.4050292250056984,-1.5999392615235257,-1.7000905649395424,True
1.418550320674248,-0.2954540199502257,-0.2711382699692819,-1.4050292250056984,0.43495964025520334,-0.22216355969163668,False
1.4220144240214379,0.07516065635462366,-0.190804925045615,0.03454989897554999,-0.07376508518947889,-0.17122224589373,False
1.425478527368628,-1.4814209841257435,-1.9607294991159863,-1.4050292250056984,-1.5999392615235257,-2.446915381421197,False
1.4289426307158177,-1.0366833725599243,-0.6149735196709673,0.9942693149630488,0.43495964025520334,0.520887826138321,True
1.4324067340630076,-1.5555439193867133,0.03267466219091016,-0.44530980901819944,-0.5824898106341612,-0.6252917343145759,True
1.4358708374101974,1.2611276205301414,0.10032159870740223,0.03454989897554999,-0.07376508518947889,0.07750972456394936,False
1.4393349407573872,1.557619361574021,-1.0984622282982508,0.9942693149630488,-1.5999392615235257,-1.2180347991852787,True
1.442799044104577,-0.4436998904721654,1.2166508373911913,0.03454989897554999,1.452409091144568,1.085644613675606,True
1.4462631474517669,1.7058652320959606,-0.9354313480772288,0.9942693149630488,-0.5824898106341612,-0.5655457489960434,False
1.449727250798957,0.8905129442252921,0.9175932053108411,-1.8848889329994478,0.43495964025520334,-0.3076946544634303,False
1.4531913541461468,1.7058652320959606,0.3701926175465049,-0.9251695170119489,-1.5999392615235257,-1.6394012219580858,False
1.4566554574933366,-0.14720814942828594,-0.7134000209272898,-0.44530980901819944,-1.5999392615235257,-1.663614068639807,False
1.4601195608405264,0.7422670737033524,1.731081972719716,1.9539887309505477,0.9436843656998856,2.302890451402126,True
1.4635836641877162,1.7058652320959606,-1.2659960398572607,-0.44530980901819944,-0.5824898106341612,-1.263630419559948,True
1.467047767534906,-1.184929243081864,0.8668132495332498,0.03454989897554999,-1.5999392615235257,-1.3532493975377466,False
1.470511870882096,1.1870046852691716,0.9490127771800136,0.5144096069692994,-1.0912145360788434,-0.27687830414124026,True
1.473975974229286,1.483496426313051,-0.7380238073158165,0.5144096069692994,1.452409091144568,0.6746551251949652,False
1.4774400775764758,-0.36957695521119555,1.344609192327618,-0.9251695170119489,0.9436843656998856,0.4756066583179596,False
1.4809041809236656,1.3352505557911114,-0.31346555535304155,-0.9251695170119489,0.9436843656998856,0.9453987744542087,True
1.4843682842708554,1.2611276205301414,0.23037898859274306,0.03454989897554999,-1.5999392615235257,-1.5894032658231032,False
1.4878323876180453,0.9646358794862621,0.20173883780052326,0.9942693149630488,1.452409091144568,1.5541789195946232,True
1.491296490965235,-1.3331751136038037,-0.19663094157422947,0.5144096069692994,0.9436843656998856,0.2841050527443479,True
1.4947605943124251,0.1492835916155935,0.7574406747135783,0.5144096069692994,-0.07376508518947889,0.3149214030665388,True
1.498224697659615,0.7422670737033524,0.7399572412612418,-0.44530980901819944,-0.5824898106341612,0.10675381211459964,True
1.5016888010068048,1.557619361574021,-1.8261489883933095,0.9942693149630488,-0.07376508518947889,0.18348023536576744,False
1.5051529043539946,-1.3331751136038037,1.2556488743324132,-0.44530980901819944,0.43495964025520334,0.2017184835156347,True
1.5086170077011845,0.9646358794862621,-1.7392937621968227,1.4741290229567983,-0.07376508518947889,0.994453372926267,False
1.5120811110483743,0.6681441384423826,0.9812796350385039,0.03454989897554999,1.452409091144568,0.820561110393907,False
1.515545214395564,-0.14720814942828594,1.0763311249870984,0.03454989897554999,-1.0912145360788434,-0.4319034134151157,False
1.5190093177427542,-0.2213310846892558,-1.1623532449526432,-0.44530980901819944,0.9436843656998856,0.24354067323860776,False
1.522473421089944,-1.3331751136038037,-0.47575615393129206,0.03454989897554999,1.452409091144568,0.9504300153231376,True
1.5259375244371338,-1.3331751136038037,-1.1772308870224226,-1.4050292250056984,0.9436843656998856,-0.02971859645510071,True
1.5294016277843236,-1.4814209841257435,-0.2780074106308931,-0.9251695170119489,-1.0912145360788434,-1.7658111487899282,False
1.5328657311315135,0.445775332659473,-0.37200231678025886,0.9942693149630488,0.9436843656998856,1.260794686425198,False
1.5363298344787033,-0.9625604372989545,0.7259982214118113,0.03454989897554999,-0.07376508518947889,0.18788257112607992,True
1.5397939378258931,0.445775332659473,1.2616740939212645,0.5144096069692994,0.43495964025520334,0.625600526722907,False
1.5432580411730832,0.5198982679204428,1.3478583557560746,0.9942693149630488,-1.5999392615235257,0.21209541780780125,True
1.546722144520273,0.001037721093653793,-0.6285442281495981,-1.4050292250056984,-1.0912145360788434,-1.7846783020484118,False
1.5501862478674628,-1.110806307820894,-0.2722540762999327,0.9942693149630488,-0.07376508518947889,0.35580023512658676,True
1.5536503512146527,-1.5555439193867133,-1.7604382248643216,0.03454989897554999,1.452409091144568,0.404854833598645,False
1.5571144545618425,0.5198982679204428,-0.8745552966588528,0.03454989897554999,-0.07376508518947889,-0.295745457399724,False
1.5605785579090323,1.1870046852691716,0.912943563610922,0.9942693149630488,-0.07376508518947889,1.4104741022758376,True
1.5640426612562222,0.9646358794862621,1.569840555124267,0.5144096069692994,-1.5999392615235257,-0.6803209313184873,False
1.5675067646034122,0.8905129442252921,-1.3070937847307078,0.03454989897554999,-0.5824898106341612,-0.5752937781795934,False
1.570970867950602,0.001037721093653793,-0.6591272817624384,-2.3647486409931973,0.9436843656998856,-0.36681173467334643,True
1.5744349712977919,0.5198982679204428,-0.08770590065677876,0.9942693149630488,0.9436843656998856,1.171804613556016,False
1.5778990746449817,-1.3331751136038037,0.22176614817074813,0.03454989897554999,1.452409091144568,1.062375124656809,True
1.5813631779921715,-1.6296668546476831,-0.8783240032038732,0.03454989897554999,0.43495964025520334,0.2963687023623629,True
1.5848272813393613,-0.2954540199502257,0.36702959598193424,0.5144096069692994,1.452409091144568,1.4007260730922875,False
1.5882913846865512,0.29752946213753323,-0.5393786502443515,1.4741290229567983,-0.5824898106341612,0.09134563695350416,False
1.5917554880337412,-0.9625604372989545,-0.07563863689628608,-0.44530980901819944,0.9436843656998856,0.772449869584773,False
1.595219591380931,-1.4814209841257435,0.49041031843278465,0.5144096069692994,0.43495964025520334,0.6972957091051458,False
1.5986836947281209,-0.666068696255075,-0.05456685642644102,-0.44530980901819944,1.452409091144568,1.2563923506648855,False
1.6021477980753107,-1.3331751136038037,-0.5015704477980584,-1.8848889329994478,0.43495964025520334,-0.7991839968469359,False
1.6056119014225005,0.445775332659473,-0.1716982558456737,-0.9251695170119489,-0.07376508518947889,-0.9972891060610167,False
1.6090760047696904,1.038758814747232,-0.15024960472132667,-0.44530980901819944,-1.0912145360788434,-2.1900076445515078,True
1.6125401081168802,-1.6296668546476831,-0.43456688332746607,0.03454989897554999,-0.07376508518947889,-0.7196275006069954,False
1.6160042114640703,-0.666068696255075,-0.32229778833462175,-0.44530980901819944,-1.5999392615235257,-2.069886768805827,True
1.61946831481126,-0.9625604372989545,1.5527447600594184,0.03454989897554999,0.9436843656998856,1.192872934694656,False
1.62293241815845,-1.184929243081864,0.5051843210725759,-1.4050292250056984,0.43495964025520334,-0.5891296905691482,False
1.6263965215056397,0.1492835916155935,-0.359329368039316,-1.4050292250056984,1.452409091144568,-0.3202727566357531,True
1.6298606248528296,1.557619361574021,0.6425085847566897,0.03454989897554999,-1.0912145360788434,-0.7171118801725314,False
1.6333247282000194,1.483496426313051,-0.3980319653067404,0.03454989897554999,1.452409091144568,0.7061003806257717,False
1.6367888315472092,-1.4072980488647737,1.1231902799912445,0.03454989897554999,0.9436843656998856,1.1541952705147644,True
1.6402529348943993,-1.3331751136038037,0.31209464123845815,0.5144096069692994,0.43495964025520334,0.8155298695249781,False
1.643717038241589,0.1492835916155935,-0.169368387620877,-0.44530980901819944,0.43495964025520334,0.2331637389464412,False
1.647181141588779,-1.4814209841257435,0.39090906282781956,1.9539887309505477,-0.07376508518947889,0.25328870242215784,False
1.6506452449359688,-0.36957695521119555,-1.6468097035820233,0.9942693149630488,-1.0912145360788434,-0.6935279385994265,True
1.6541093482831586,-0.2954540199502257,-1.1984931217694537,-1.4050292250056984,-1.0912145360788434,-1.8988245792622394,False
1.6575734516303484,0.6681441384423826,-1.2662874416311884,-0.9251695170119489,0.9436843656998856,-0.4369346542840446,False
1.6610375549775385,-0.2954540199502257,0.08324801209183702,-0.44530980901819944,0.43495964025520334,-0.551080931497873,False
1.6645016583247283,-0.8884375020379846,1.6878804820141735,0.5144096069692994,-1.0912145360788434,-0.21430224583393503,False
1.6679657616719181,1.7058652320959606,2.191391790128501,0.9942693149630488,-1.0912145360788434,0.5237178991270937,True
1.671429865019108,-1.7037897899086532,0.5830471442593192,-0.44530980901819944,1.452409091144568,0.21209541780780125,True
1.6748939683662978,0.1492835916155935,0.44454044889670546,0.03454989897554999,0.9436843656998856,0.5881806727602473,False
1.6783580717134876,-0.7401916315160448,-1.8791726705318108,0.03454989897554999,-0.07376508518947889,-0.43756355939266106,False
1.6818221750606774,1.038758814747232,-0.6088655231347877,-0.9251695170119489,1.452409091144568,0.847604030064401,True
1.6852862784078675,0.9646358794862621,-0.856297932398164,-0.9251695170119489,1.452409091144568,0.33787643953102725,True
1.6887503817550573,-0.9625604372989545,-0.6877795462542673,0.9942693149630488,-0.5824898106341612,0.5164854903780084,False
1.6922144851022471,0.8905129442252921,-0.23078686358841163,-0.9251695170119489,-1.5999392615235257,-2.3406304180650706,True
1.695678588449437,-0.8143145667770147,-0.5376134150179968,1.4741290229567983,-0.5824898106341612,-0.4381924645012775,False
1.6991426917966268,1.4093734910520812,-2.059103507674003,1.4741290229567983,-1.0912145360788434,-0.2325404939838023,True
1.7026067951438166,-1.5555439193867133,0.6939467182130363,0.03454989897554999,0.43495964025520334,-0.22373582246317647,True
1.7060708984910065,0.6681441384423826,-1.1439572461297627,0.03454989897554999,-1.5999392615235257,-1.3413002004740404,True
1.7095350018381965,-1.3331751136038037,0.18046381637057146,-0.9251695170119489,-1.5999392615235257,-1.7727291049847056,True
1.7129991051853863,-1.0366833725599243,2.0326848276845784,-0.9251695170119489,0.43495964025520334,0.04166213337283038,False
1.7164632085325762,-1.4072980488647737,-0.9891455110934425,0.5144096069692994,-1.5999392615235257,-1.3328099815077223,True
1.719927311879766,-0.07308521416731607,-2.416491295304906,0.03454989897554999,0.43495964025520334,-0.6168015153482578,True
1.7233914152269558,-1.0366833725599243,-0.34976358324808043,-0.44530980901819944,-1.5999392615235257,-1.6526082292390245,False
1.7268555185741457,1.483496426313051,1.0503411824760016,0.5144096069692994,1.452409091144568,1.6415967296922653,True
1.7303196219213355,-1.6296668546476831,1.9158529058390128,-0.9251695170119489,0.9436843656998856,0.5598799428725213,True
